Workbook

Sheet Readme
A1: Workbook purpose:
A2: Modifies capital costs for new fossil plants using WEPS regional multipliers
A4: Data source:
A5: Created by the MIG from file WEPSp_RegionalMultipliers
A7: User-modifiable?
A8: No,modify source file instead

Sheet AVA
A2: ~TFM_AVA | G2: ~ReplicateInRegions
A3: PSET_CI | B3: Pset_PN | C3: AllRegions | D3: GBL | G3: Region | H3: InCode | I3: InDesc | J3: PSET_PN
B4: * | C4: 1 | D4: 0 | G4: AFR_N | H4: DZA | I4: Algeria | J4: EN_Biomass,EN_GeoThermal
B5: EN_OilCCAdv | C5: 0 | G5: AFR_N | H5: EGY | I5: Egypt | J5: EN_Biomass,EN_GeoThermal
G6: AFR_N | H6: ERI | I6: Eritrea | J6: EN_Biomass,EN_GeoThermal
G7: AFR_N | H7: LBY | I7: Libya | J7: EN_Biomass,EN_GeoThermal
G8: AFR_N | H8: MAR | I8: Morocco | J8: EN_Biomass,EN_GeoThermal
G9: AFR_N | H9: MLI | I9: Mali | J9: EN_Biomass,EN_GeoThermal
G10: AFR_N | H10: MRT | I10: Mauritania | J10: EN_Biomass,EN_GeoThermal
G11: AFR_N | H11: NER | I11: Niger | J11: EN_Biomass,EN_GeoThermal
G12: AFR_N | H12: SDN | I12: Sudan | J12: EN_Biomass,EN_GeoThermal
G13: AFR_N | H13: TCD | I13: Chad | J13: EN_Biomass,EN_GeoThermal
G14: AFR_N | H14: TUN | I14: Tunisia | J14: EN_Biomass,EN_GeoThermal
G15: AFR_S | H15: AGO | I15: Angola | J15: EN_Biomass,EN_GeoThermal
G16: AFR_S | H16: BDI | I16: Burundi | J16: EN_Biomass,EN_GeoThermal
G17: AFR_S | H17: BEN | I17: Benin | J17: EN_Biomass,EN_GeoThermal
... G225: USA | H225: USA | I225: United States | J225: EN_Biomass,EN_GeoThermal

Sheet Regional assumptions
B1: VT_UPD_FossilRegMult
B4: index | C4: Attribute | D4: PSET_PN | E4: AFR_N | F4: AFR_S | G4: ANZ | H4: BRZ | I4: CAN | J4: CHI | K4: CSA | L4: EUR | M4: IND | N4: JPN | O4: MID | P4: MXC | Q4: OAS | R4: RUS | S4: SKO | T4: URA | U4: USA
B5: 0 | C5: EFF | D5: EN_Biomass* | E5: 1 | F5: 1 | G5: 1 | H5: 1 | I5: 1 | J5: 1 | K5: 1 | L5: 1 | M5: 1 | N5: 1 | O5: 1 | P5: 1 | Q5: 1 | R5: 1 | S5: 1 | T5: 1 | U5: 1
B6: 1 | C6: EFF | D6: EN_COAIGCC | E6: 0.938 | F6: 0.938 | G6: 1 | H6: 1 | I6: 1 | J6: 0.938 | K6: 1 | L6: 1 | M6: 0.958 | N6: 1 | O6: 1 | P6: 1 | Q6: 1 | R6: 1 | S6: 1 | T6: 1 | U6: 1
B7: 2 | C7: EFF | D7: EN_COAPUL | E7: 0.951 | F7: 0.951 | G7: 1 | H7: 1.024 | I7: 1 | J7: 1 | K7: 1.024 | L7: 1 | M7: 0.976 | N7: 1 | O7: 1.024 | P7: 1.024 | Q7: 1.024 | R7: 1.024 | S7: 1 | T7: 1.024 | U7: 1
B8: 3 | C8: EFF | D8: EN_GasCC | E8: 0.966 | F8: 0.966 | G8: 1 | H8: 0.966 | I8: 1 | J8: 0.966 | K8: 0.966 | L8: 1 | M8: 0.931 | N8: 0.966 | O8: 1 | P8: 0.966 | Q8: 0.966 | R8: 0.966 | S8: 0.966 | T8: 0.966 | U8: 1
B9: 4 | C9: EFF | D9: EN_GasCCAdv | E9: 0.966 | F9: 0.966 | G9: 1 | H9: 0.966 | I9: 1 | J9: 0.966 | K9: 0.966 | L9: 1 | M9: 0.931 | N9: 0.966 | O9: 1 | P9: 0.966 | Q9: 0.966 | R9: 0.966 | S9: 0.966 | T9: 0.966 | U9: 1
B10: 5 | C10: EFF | D10: EN_GasCT | E10: 1 | F10: 1 | G10: 1 | H10: 1 | I10: 1 | J10: 1 | K10: 1 | L10: 1 | M10: 1 | N10: 1 | O10: 1 | P10: 1 | Q10: 1 | R10: 1 | S10: 1 | T10: 1 | U10: 1
B11: 6 | C11: EFF | D11: EN_GasCTAdv | E11: 0.946 | F11: 0.946 | G11: 1 | H11: 0.946 | I11: 1 | J11: 0.946 | K11: 0.946 | L11: 1 | M11: 0.946 | N11: 1 | O11: 1 | P11: 0.946 | Q11: 0.946 | R11: 0.946 | S11: 1 | T11: 0.946 | U11: 1
B12: 7 | C12: EFF | D12: EN_NuclearAdv | E12: 1 | F12: 1 | G12: 1 | H12: 1 | I12: 1 | J12: 1 | K12: 1 | L12: 1 | M12: 1 | N12: 1 | O12: 1 | P12: 1 | Q12: 1 | R12: 1 | S12: 1 | T12: 1 | U12: 1
B13: 8 | C13: EFF | D13: EN_OilCCAdv | E13: 0.966 | F13: 0.966 | G13: 1 | H13: 0.966 | I13: 1 | J13: 0.966 | K13: 0.966 | L13: 1 | M13: 0.931 | N13: 0.966 | O13: 1 | P13: 0.966 | Q13: 0.966 | R13: 0.966 | S13: 0.966 | T13: 0.966 | U13: 1
B14: 9 | C14: EFF | D14: EN_ZCOAIGCC | E14: 0.938 | F14: 0.938 | G14: 1 | H14: 1 | I14: 1 | J14: 0.938 | K14: 1 | L14: 1 | M14: 0.958 | N14: 1 | O14: 1 | P14: 1 | Q14: 1 | R14: 1 | S14: 1 | T14: 1 | U14: 1
B15: 10 | C15: EFF | D15: EN_ZGasCCAdv | E15: 0.966 | F15: 0.966 | G15: 1 | H15: 0.966 | I15: 1 | J15: 0.966 | K15: 0.966 | L15: 1 | M15: 0.931 | N15: 0.966 | O15: 1 | P15: 0.966 | Q15: 0.966 | R15: 0.966 | S15: 0.966 | T15: 0.966 | U15: 1
B16: 11 | C16: FIXOM | D16: EN_Biomass* | E16: 0.874 | F16: 0.874 | G16: 0.977 | H16: 0.885 | I16: 0.897 | J16: 0.885 | K16: 0.885 | L16: 0.931 | M16: 0.862 | N16: 0.966 | O16: 0.885 | P16: 0.897 | Q16: 0.862 | R16: 0.92 | S16: 0.943 | T16: 0.92 | U16: 1
... B37: 32 | C37: INVCOST | D37: EN_ZGasCCAdv | E37: 0.75 | F37: 0.75 | G37: 1 | H37: 0.75 | I37: 1 | J37: 0.75 | K37: 0.75 | L37: 1 | M37: 0.75 | N37: 1 | O37: 0.85 | P37: 0.75 | Q37: 0.75 | R37: 0.85 | S37: 1 | T37: 0.85 | U37: 1

Sheet UPD Reg Assumptions
B2: ~TFM_UPD
B3: Attribute | C3: PSET_PN | D3: =IF('Regional assumptions'!E4<>"",'Regional assumptions'!E4,"") -> AFR_N | E3: =IF('Regional assumptions'!F4<>"",'Regional assumptions'!F4,"") -> AFR_S | F3: =IF('Regional assumptions'!G4<>"",'Regional assumptions'!G4,"") -> ANZ | G3: =IF('Regional assumptions'!H4<>"",'Regional assumptions'!H4,"") -> BRZ | H3: =IF('Regional assumptions'!I4<>"",'Regional assumptions'!I4,"") -> CAN | I3: =IF('Regional assumptions'!J4<>"",'Regional assumptions'!J4,"") -> CHI | J3: =IF('Regional assumptions'!K4<>"",'Regional assumptions'!K4,"") -> CSA | K3: =IF('Regional assumptions'!L4<>"",'Regional assumptions'!L4,"") -> EUR | ... HH3: =IF('Regional assumptions'!HI4<>"",'Regional assumptions'!HI4,"")
B4: ='Regional assumptions'!C5 -> EFF | C4: ='Regional assumptions'!D5 -> EN_Biomass* | D4: =IF(D$3="","",IF('Regional assumptions'!E5=1,"","*"&'Regional assumptions'!E5)) | E4: =IF(E$3="","",IF('Regional assumptions'!F5=1,"","*"&'Regional assumptions'!F5)) | F4: =IF(F$3="","",IF('Regional assumptions'!G5=1,"","*"&'Regional assumptions'!G5)) | G4: =IF(G$3="","",IF('Regional assumptions'!H5=1,"","*"&'Regional assumptions'!H5)) | H4: =IF(H$3="","",IF('Regional assumptions'!I5=1,"","*"&'Regional assumptions'!I5)) | I4: =IF(I$3="","",IF('Regional assumptions'!J5=1,"","*"&'Regional assumptions'!J5)) | J4: =IF(J$3="","",IF('Regional assumptions'!K5=1,"","*"&'Regional assumptions'!K5)) | K4: =IF(K$3="","",IF('Regional assumptions'!L5=1,"","*"&'Regional assumptions'!L5)) | ... HH4: =IF(HH$3="","",IF('Regional assumptions'!HI5=1,"","*"&'Regional assumptions'!HI5))
B5: ='Regional assumptions'!C6 -> EFF | C5: ='Regional assumptions'!D6 -> EN_COAIGCC | D5: =IF(D$3="","",IF('Regional assumptions'!E6=1,"","*"&'Regional assumptions'!E6)) -> *0.938 | E5: =IF(E$3="","",IF('Regional assumptions'!F6=1,"","*"&'Regional assumptions'!F6)) -> *0.938 | F5: =IF(F$3="","",IF('Regional assumptions'!G6=1,"","*"&'Regional assumptions'!G6)) | G5: =IF(G$3="","",IF('Regional assumptions'!H6=1,"","*"&'Regional assumptions'!H6)) | H5: =IF(H$3="","",IF('Regional assumptions'!I6=1,"","*"&'Regional assumptions'!I6)) | I5: =IF(I$3="","",IF('Regional assumptions'!J6=1,"","*"&'Regional assumptions'!J6)) -> *0.938 | J5: =IF(J$3="","",IF('Regional assumptions'!K6=1,"","*"&'Regional assumptions'!K6)) | K5: =IF(K$3="","",IF('Regional assumptions'!L6=1,"","*"&'Regional assumptions'!L6)) | ... HH5: =IF(HH$3="","",IF('Regional assumptions'!HI6=1,"","*"&'Regional assumptions'!HI6))
B6: ='Regional assumptions'!C7 -> EFF | C6: ='Regional assumptions'!D7 -> EN_COAPUL | D6: =IF(D$3="","",IF('Regional assumptions'!E7=1,"","*"&'Regional assumptions'!E7)) -> *0.951 | E6: =IF(E$3="","",IF('Regional assumptions'!F7=1,"","*"&'Regional assumptions'!F7)) -> *0.951 | F6: =IF(F$3="","",IF('Regional assumptions'!G7=1,"","*"&'Regional assumptions'!G7)) | G6: =IF(G$3="","",IF('Regional assumptions'!H7=1,"","*"&'Regional assumptions'!H7)) -> *1.024 | H6: =IF(H$3="","",IF('Regional assumptions'!I7=1,"","*"&'Regional assumptions'!I7)) | I6: =IF(I$3="","",IF('Regional assumptions'!J7=1,"","*"&'Regional assumptions'!J7)) | J6: =IF(J$3="","",IF('Regional assumptions'!K7=1,"","*"&'Regional assumptions'!K7)) -> *1.024 | K6: =IF(K$3="","",IF('Regional assumptions'!L7=1,"","*"&'Regional assumptions'!L7)) | ... HH6: =IF(HH$3="","",IF('Regional assumptions'!HI7=1,"","*"&'Regional assumptions'!HI7))
B7: ='Regional assumptions'!C8 -> EFF | C7: ='Regional assumptions'!D8 -> EN_GasCC | D7: =IF(D$3="","",IF('Regional assumptions'!E8=1,"","*"&'Regional assumptions'!E8)) -> *0.966 | E7: =IF(E$3="","",IF('Regional assumptions'!F8=1,"","*"&'Regional assumptions'!F8)) -> *0.966 | F7: =IF(F$3="","",IF('Regional assumptions'!G8=1,"","*"&'Regional assumptions'!G8)) | G7: =IF(G$3="","",IF('Regional assumptions'!H8=1,"","*"&'Regional assumptions'!H8)) -> *0.966 | H7: =IF(H$3="","",IF('Regional assumptions'!I8=1,"","*"&'Regional assumptions'!I8)) | I7: =IF(I$3="","",IF('Regional assumptions'!J8=1,"","*"&'Regional assumptions'!J8)) -> *0.966 | J7: =IF(J$3="","",IF('Regional assumptions'!K8=1,"","*"&'Regional assumptions'!K8)) -> *0.966 | K7: =IF(K$3="","",IF('Regional assumptions'!L8=1,"","*"&'Regional assumptions'!L8)) | ... HH7: =IF(HH$3="","",IF('Regional assumptions'!HI8=1,"","*"&'Regional assumptions'!HI8))
B8: ='Regional assumptions'!C9 -> EFF | C8: ='Regional assumptions'!D9 -> EN_GasCCAdv | D8: =IF(D$3="","",IF('Regional assumptions'!E9=1,"","*"&'Regional assumptions'!E9)) -> *0.966 | E8: =IF(E$3="","",IF('Regional assumptions'!F9=1,"","*"&'Regional assumptions'!F9)) -> *0.966 | F8: =IF(F$3="","",IF('Regional assumptions'!G9=1,"","*"&'Regional assumptions'!G9)) | G8: =IF(G$3="","",IF('Regional assumptions'!H9=1,"","*"&'Regional assumptions'!H9)) -> *0.966 | H8: =IF(H$3="","",IF('Regional assumptions'!I9=1,"","*"&'Regional assumptions'!I9)) | I8: =IF(I$3="","",IF('Regional assumptions'!J9=1,"","*"&'Regional assumptions'!J9)) -> *0.966 | J8: =IF(J$3="","",IF('Regional assumptions'!K9=1,"","*"&'Regional assumptions'!K9)) -> *0.966 | K8: =IF(K$3="","",IF('Regional assumptions'!L9=1,"","*"&'Regional assumptions'!L9)) | ... HH8: =IF(HH$3="","",IF('Regional assumptions'!HI9=1,"","*"&'Regional assumptions'!HI9))
B9: ='Regional assumptions'!C10 -> EFF | C9: ='Regional assumptions'!D10 -> EN_GasCT | D9: =IF(D$3="","",IF('Regional assumptions'!E10=1,"","*"&'Regional assumptions'!E10)) | E9: =IF(E$3="","",IF('Regional assumptions'!F10=1,"","*"&'Regional assumptions'!F10)) | F9: =IF(F$3="","",IF('Regional assumptions'!G10=1,"","*"&'Regional assumptions'!G10)) | G9: =IF(G$3="","",IF('Regional assumptions'!H10=1,"","*"&'Regional assumptions'!H10)) | H9: =IF(H$3="","",IF('Regional assumptions'!I10=1,"","*"&'Regional assumptions'!I10)) | I9: =IF(I$3="","",IF('Regional assumptions'!J10=1,"","*"&'Regional assumptions'!J10)) | J9: =IF(J$3="","",IF('Regional assumptions'!K10=1,"","*"&'Regional assumptions'!K10)) | K9: =IF(K$3="","",IF('Regional assumptions'!L10=1,"","*"&'Regional assumptions'!L10)) | ... HH9: =IF(HH$3="","",IF('Regional assumptions'!HI10=1,"","*"&'Regional assumptions'!HI10))
B10: ='Regional assumptions'!C11 -> EFF | C10: ='Regional assumptions'!D11 -> EN_GasCTAdv | D10: =IF(D$3="","",IF('Regional assumptions'!E11=1,"","*"&'Regional assumptions'!E11)) -> *0.946 | E10: =IF(E$3="","",IF('Regional assumptions'!F11=1,"","*"&'Regional assumptions'!F11)) -> *0.946 | F10: =IF(F$3="","",IF('Regional assumptions'!G11=1,"","*"&'Regional assumptions'!G11)) | G10: =IF(G$3="","",IF('Regional assumptions'!H11=1,"","*"&'Regional assumptions'!H11)) -> *0.946 | H10: =IF(H$3="","",IF('Regional assumptions'!I11=1,"","*"&'Regional assumptions'!I11)) | I10: =IF(I$3="","",IF('Regional assumptions'!J11=1,"","*"&'Regional assumptions'!J11)) -> *0.946 | J10: =IF(J$3="","",IF('Regional assumptions'!K11=1,"","*"&'Regional assumptions'!K11)) -> *0.946 | K10: =IF(K$3="","",IF('Regional assumptions'!L11=1,"","*"&'Regional assumptions'!L11)) | ... HH10: =IF(HH$3="","",IF('Regional assumptions'!HI11=1,"","*"&'Regional assumptions'!HI11))
B11: ='Regional assumptions'!C12 -> EFF | C11: ='Regional assumptions'!D12 -> EN_NuclearAdv | D11: =IF(D$3="","",IF('Regional assumptions'!E12=1,"","*"&'Regional assumptions'!E12)) | E11: =IF(E$3="","",IF('Regional assumptions'!F12=1,"","*"&'Regional assumptions'!F12)) | F11: =IF(F$3="","",IF('Regional assumptions'!G12=1,"","*"&'Regional assumptions'!G12)) | G11: =IF(G$3="","",IF('Regional assumptions'!H12=1,"","*"&'Regional assumptions'!H12)) | H11: =IF(H$3="","",IF('Regional assumptions'!I12=1,"","*"&'Regional assumptions'!I12)) | I11: =IF(I$3="","",IF('Regional assumptions'!J12=1,"","*"&'Regional assumptions'!J12)) | J11: =IF(J$3="","",IF('Regional assumptions'!K12=1,"","*"&'Regional assumptions'!K12)) | K11: =IF(K$3="","",IF('Regional assumptions'!L12=1,"","*"&'Regional assumptions'!L12)) | ... HH11: =IF(HH$3="","",IF('Regional assumptions'!HI12=1,"","*"&'Regional assumptions'!HI12))
B12: ='Regional assumptions'!C13 -> EFF | C12: ='Regional assumptions'!D13 -> EN_OilCCAdv | D12: =IF(D$3="","",IF('Regional assumptions'!E13=1,"","*"&'Regional assumptions'!E13)) -> *0.966 | E12: =IF(E$3="","",IF('Regional assumptions'!F13=1,"","*"&'Regional assumptions'!F13)) -> *0.966 | F12: =IF(F$3="","",IF('Regional assumptions'!G13=1,"","*"&'Regional assumptions'!G13)) | G12: =IF(G$3="","",IF('Regional assumptions'!H13=1,"","*"&'Regional assumptions'!H13)) -> *0.966 | H12: =IF(H$3="","",IF('Regional assumptions'!I13=1,"","*"&'Regional assumptions'!I13)) | I12: =IF(I$3="","",IF('Regional assumptions'!J13=1,"","*"&'Regional assumptions'!J13)) -> *0.966 | J12: =IF(J$3="","",IF('Regional assumptions'!K13=1,"","*"&'Regional assumptions'!K13)) -> *0.966 | K12: =IF(K$3="","",IF('Regional assumptions'!L13=1,"","*"&'Regional assumptions'!L13)) | ... HH12: =IF(HH$3="","",IF('Regional assumptions'!HI13=1,"","*"&'Regional assumptions'!HI13))
B13: ='Regional assumptions'!C14 -> EFF | C13: ='Regional assumptions'!D14 -> EN_ZCOAIGCC | D13: =IF(D$3="","",IF('Regional assumptions'!E14=1,"","*"&'Regional assumptions'!E14)) -> *0.938 | E13: =IF(E$3="","",IF('Regional assumptions'!F14=1,"","*"&'Regional assumptions'!F14)) -> *0.938 | F13: =IF(F$3="","",IF('Regional assumptions'!G14=1,"","*"&'Regional assumptions'!G14)) | G13: =IF(G$3="","",IF('Regional assumptions'!H14=1,"","*"&'Regional assumptions'!H14)) | H13: =IF(H$3="","",IF('Regional assumptions'!I14=1,"","*"&'Regional assumptions'!I14)) | I13: =IF(I$3="","",IF('Regional assumptions'!J14=1,"","*"&'Regional assumptions'!J14)) -> *0.938 | J13: =IF(J$3="","",IF('Regional assumptions'!K14=1,"","*"&'Regional assumptions'!K14)) | K13: =IF(K$3="","",IF('Regional assumptions'!L14=1,"","*"&'Regional assumptions'!L14)) | ... HH13: =IF(HH$3="","",IF('Regional assumptions'!HI14=1,"","*"&'Regional assumptions'!HI14))
B14: ='Regional assumptions'!C15 -> EFF | C14: ='Regional assumptions'!D15 -> EN_ZGasCCAdv | D14: =IF(D$3="","",IF('Regional assumptions'!E15=1,"","*"&'Regional assumptions'!E15)) -> *0.966 | E14: =IF(E$3="","",IF('Regional assumptions'!F15=1,"","*"&'Regional assumptions'!F15)) -> *0.966 | F14: =IF(F$3="","",IF('Regional assumptions'!G15=1,"","*"&'Regional assumptions'!G15)) | G14: =IF(G$3="","",IF('Regional assumptions'!H15=1,"","*"&'Regional assumptions'!H15)) -> *0.966 | H14: =IF(H$3="","",IF('Regional assumptions'!I15=1,"","*"&'Regional assumptions'!I15)) | I14: =IF(I$3="","",IF('Regional assumptions'!J15=1,"","*"&'Regional assumptions'!J15)) -> *0.966 | J14: =IF(J$3="","",IF('Regional assumptions'!K15=1,"","*"&'Regional assumptions'!K15)) -> *0.966 | K14: =IF(K$3="","",IF('Regional assumptions'!L15=1,"","*"&'Regional assumptions'!L15)) | ... HH14: =IF(HH$3="","",IF('Regional assumptions'!HI15=1,"","*"&'Regional assumptions'!HI15))
B15: ='Regional assumptions'!C16 -> FIXOM | C15: ='Regional assumptions'!D16 -> EN_Biomass* | D15: =IF(D$3="","",IF('Regional assumptions'!E16=1,"","*"&'Regional assumptions'!E16)) -> *0.874 | E15: =IF(E$3="","",IF('Regional assumptions'!F16=1,"","*"&'Regional assumptions'!F16)) -> *0.874 | F15: =IF(F$3="","",IF('Regional assumptions'!G16=1,"","*"&'Regional assumptions'!G16)) -> *0.977 | G15: =IF(G$3="","",IF('Regional assumptions'!H16=1,"","*"&'Regional assumptions'!H16)) -> *0.885 | H15: =IF(H$3="","",IF('Regional assumptions'!I16=1,"","*"&'Regional assumptions'!I16)) -> *0.897 | I15: =IF(I$3="","",IF('Regional assumptions'!J16=1,"","*"&'Regional assumptions'!J16)) -> *0.885 | J15: =IF(J$3="","",IF('Regional assumptions'!K16=1,"","*"&'Regional assumptions'!K16)) -> *0.885 | K15: =IF(K$3="","",IF('Regional assumptions'!L16=1,"","*"&'Regional assumptions'!L16)) -> *0.931 | ... HH15: =IF(HH$3="","",IF('Regional assumptions'!HI16=1,"","*"&'Regional assumptions'!HI16))
... B36: ='Regional assumptions'!C37 -> INVCOST | C36: ='Regional assumptions'!D37 -> EN_ZGasCCAdv | D36: =IF(D$3="","",IF('Regional assumptions'!E37=1,"","*"&'Regional assumptions'!E37)) -> *0.75 | E36: =IF(E$3="","",IF('Regional assumptions'!F37=1,"","*"&'Regional assumptions'!F37)) -> *0.75 | F36: =IF(F$3="","",IF('Regional assumptions'!G37=1,"","*"&'Regional assumptions'!G37)) | G36: =IF(G$3="","",IF('Regional assumptions'!H37=1,"","*"&'Regional assumptions'!H37)) -> *0.75 | H36: =IF(H$3="","",IF('Regional assumptions'!I37=1,"","*"&'Regional assumptions'!I37)) | I36: =IF(I$3="","",IF('Regional assumptions'!J37=1,"","*"&'Regional assumptions'!J37)) -> *0.75 | J36: =IF(J$3="","",IF('Regional assumptions'!K37=1,"","*"&'Regional assumptions'!K37)) -> *0.75 | K36: =IF(K$3="","",IF('Regional assumptions'!L37=1,"","*"&'Regional assumptions'!L37)) | ... HH36: =IF(HH$3="","",IF('Regional assumptions'!HI37=1,"","*"&'Regional assumptions'!HI37))
B40: ~TFM_UPD
B41: Attribute | C41: PSET_PN | D41: AFR | E41: MID | F41: URA
B42: EFF | C42: EN_Gas* | D42: *0.90 | E42: *0.90 | F42: *0.90

Sheet default attrib
K1: year
B2: ~TFM_INS | K2: 2017
B3: Attribute | C3: Year | D3: PSET_CI | E3: PSET_PN | F3: Other_Indexes | G3: AllRegions | K3: 2018
B4: PEAK | D4: ELC* | G4: 1
B5: NCAP_DRATE | D5: ELC* | G5: 0.1
B6: Cap2ACT | D6: ELC* | G6: =31.536/1.055 -> 29.891943
B7: AFC | E7: EN_STG_4hBatt | F7: ACT | G7: =4/24 -> 0.16666667
B8: START | D8: ELC* | G8: =MAX(K2:K6)+1 -> 2019
B9: AFC | E9: EN_STG_PHS | F9: ATC | G9: 1
B11: ~TFM_UPD
B12: Attribute | C12: Year | D12: PSET_SET | E12: PSET_PN | F12: AllRegions
B13: NCAP_TLIFE | D13: ELE | F13: 200
