Workbook

Sheet readme
A1: Workbook purpose:
A2: Performs historical calibration for 2015 and 2016 and sets utilization limits on fossil, solar,and CHP techs, as well as EFF and (for now) heat ratio for CHP techs
A4: Data source:
A5: Historical capacity, generation, and heat production data from the restart file is read by the MIG and shared to the country level based on Platts capacity
A6: then written here as utilization limits and CHP parameters
A8: User-modifiable?
A9: No, user overrides should be made in a user scenario
A12: date | B12: initials | C12: description
A13: 43588 | B13: mas | C13: revised UtilizationLim-LO_Oil to stimulate oil generation in AFR and MID
A14: 43591 | B14: mas | C14: revised UtilizationLim-UP_Oil and utilization history to stimulate oil generation in MID
A15: 43591 | B15: mas | C15: revised utilization history in AFR
A16: 44154 | B16: AK | C16: override CHP EFF where effective EFF more than a user-specified limit (80% default); sheet CHP_elecEFF
A17: 44549 | B17: MahmoudMobir | C17: Changed all "interpolation and forward extrapolation" rules to "interpolation and no extrapolation" in the utiliszation_limlits UCs. Some of these UCs induced to dummy imports in the region USA.
A18: 44552 | B18: MahmoudMObir | C18: Changed the heat to power rate equations from FX to UP. Having FX equations leads to negative heat prices in the model. This is just a workaround. Will troubleshoot this issue when mitigation techs will have been added to the model

Sheet utilzation_limits
D1: ~UC_SETS: R_E: AllRegions
H3: ~UC_T: UC_CAP
D4: UC_N | E4: Region | F4: PSET_PN | G4: Year | H4: PSET_SET | I4: PSET_CI | J4: LimType | K4: UC_ACT | L4: UC_CAP | M4: UC_RHSRT | N4: UC_RHSRT~0
D5: UC_Calib_CFs_shucpbmCHPlo | E5: AFR_N | F5: -*ReTargDum* | G5: 2017 | H5: CHP | I5: ELCBIO | J5: LO | K5: 1 | L5: -9.4504597 | M5: 0 | N5: 1
D6: UC_Calib_CFs_shucpbmCHPlo | E6: AFR_N | F6: -*ReTargDum* | G6: 2018 | H6: CHP | I6: ELCBIO | J6: LO | K6: 1 | L6: -8.8750861 | M6: 0 | N6: 1
D7: UC_Calib_CFs_shucpbmCHPlo | E7: AFR_S | F7: -*ReTargDum* | G7: 2017 | H7: CHP | I7: ELCBIO | J7: LO | K7: 1 | L7: -9.4504597 | M7: 0 | N7: 1
D8: UC_Calib_CFs_shucpbmCHPlo | E8: AFR_S | F8: -*ReTargDum* | G8: 2018 | H8: CHP | I8: ELCBIO | J8: LO | K8: 1 | L8: -8.8750861 | M8: 0 | N8: 1
D9: UC_Calib_CFs_shucpbmCHPlo | E9: ANZ | F9: -*ReTargDum* | G9: 2017 | H9: CHP | I9: ELCBIO | J9: LO | K9: 1 | L9: -14.332823 | M9: 0 | N9: 1
D10: UC_Calib_CFs_shucpbmCHPlo | E10: ANZ | F10: -*ReTargDum* | G10: 2018 | H10: CHP | I10: ELCBIO | J10: LO | K10: 1 | L10: -13.866353 | M10: 0 | N10: 1
D11: UC_Calib_CFs_shucpbmCHPlo | E11: BRZ | F11: -*ReTargDum* | G11: 2017 | H11: CHP | I11: ELCBIO | J11: LO | K11: 1 | L11: -13.481717 | M11: 0 | N11: 1
D12: UC_Calib_CFs_shucpbmCHPlo | E12: BRZ | F12: -*ReTargDum* | G12: 2018 | H12: CHP | I12: ELCBIO | J12: LO | K12: 1 | L12: -13.646268 | M12: 0 | N12: 1
D13: UC_Calib_CFs_shucpbmCHPlo | E13: CSA | F13: -*ReTargDum* | G13: 2017 | H13: CHP | I13: ELCBIO | J13: LO | K13: 1 | L13: -11.455261 | M13: 0 | N13: 1
D14: UC_Calib_CFs_shucpbmCHPlo | E14: CSA | F14: -*ReTargDum* | G14: 2018 | H14: CHP | I14: ELCBIO | J14: LO | K14: 1 | L14: -10.989442 | M14: 0 | N14: 1
D15: UC_Calib_CFs_shucpbmCHPlo | E15: EUR | F15: -*ReTargDum* | G15: 2017 | H15: CHP | I15: ELCBIO | J15: LO | K15: 1 | L15: -17.068022 | M15: 0 | N15: 1
D16: UC_Calib_CFs_shucpbmCHPlo | E16: EUR | F16: -*ReTargDum* | G16: 2018 | H16: CHP | I16: ELCBIO | J16: LO | K16: 1 | L16: -16.185177 | M16: 0 | N16: 1
... D159: UC_Calib_CFs_shucpclCHPlo | E159: ANZ | F159: -*ReTargDum* | G159: 2020 | H159: CHP | I159: ELCCOA | J159: LO | K159: 1 | L159: 0 | M159: 0 | N159: 1
D160: UC_Calib_CFs_shucpclCHPlo | E160: ANZ | F160: -*ReTargDum* | G160: 2030, 2021 | H160: CHP | I160: ELCCOA | J160: LO | K160: 1 | L160: -10.372616 | M160: 0 | N160: 1
D161: UC_Calib_CFs_shucpclCHPlo | E161: BRZ | F161: -*ReTargDum* | G161: 2017 | H161: CHP | I161: ELCCOA | J161: LO | K161: 1 | L161: -20.398946 | M161: 0 | N161: 1
D162: UC_Calib_CFs_shucpclCHPlo | E162: BRZ | F162: -*ReTargDum* | G162: 2018 | H162: CHP | I162: ELCCOA | J162: LO | K162: 1 | L162: -19.698875 | M162: 0 | N162: 1
D163: UC_Calib_CFs_shucpclCHPlo | E163: BRZ | F163: -*ReTargDum* | G163: 2020 | H163: CHP | I163: ELCCOA | J163: LO | K163: 1 | L163: 0 | M163: 0 | N163: 1
D164: UC_Calib_CFs_shucpclCHPlo | E164: BRZ | F164: -*ReTargDum* | G164: 2030, 2021 | H164: CHP | I164: ELCCOA | J164: LO | K164: 1 | L164: -10.199473 | M164: 0 | N164: 1
D165: UC_Calib_CFs_shucpclCHPlo | E165: CHI | F165: -*ReTargDum* | G165: 2017 | H165: CHP | I165: ELCCOA | J165: LO | K165: 1 | L165: -13.692441 | M165: 0 | N165: 1
D166: UC_Calib_CFs_shucpclCHPlo | E166: CHI | F166: -*ReTargDum* | G166: 2018 | H166: CHP | I166: ELCCOA | J166: LO | K166: 1 | L166: -14.207167 | M166: 0 | N166: 1
D167: UC_Calib_CFs_shucpclCHPlo | E167: CHI | F167: -*ReTargDum* | G167: 2020 | H167: CHP | I167: ELCCOA | J167: LO | K167: 1 | L167: 0 | M167: 0 | N167: 1
D168: UC_Calib_CFs_shucpclCHPlo | E168: CHI | F168: -*ReTargDum* | G168: 2030, 2021 | H168: CHP | I168: ELCCOA | J168: LO | K168: 1 | L168: -7.1035834 | M168: 0 | N168: 1
D169: UC_Calib_CFs_shucpclCHPlo | E169: EUR | F169: -*ReTargDum* | G169: 2017 | H169: CHP | I169: ELCCOA | J169: LO | K169: 1 | L169: -14.415443 | M169: 0 | N169: 1
D170: UC_Calib_CFs_shucpclCHPlo | E170: EUR | F170: -*ReTargDum* | G170: 2018 | H170: CHP | I170: ELCCOA | J170: LO | K170: 1 | L170: -13.949504 | M170: 0 | N170: 1
D171: UC_Calib_CFs_shucpclCHPlo | E171: EUR | F171: -*ReTargDum* | G171: 2020 | H171: CHP | I171: ELCCOA | J171: LO | K171: 1 | L171: 0 | M171: 0 | N171: 1
D172: UC_Calib_CFs_shucpclCHPlo | E172: EUR | F172: -*ReTargDum* | G172: 2030, 2021 | H172: CHP | I172: ELCCOA | J172: LO | K172: 1 | L172: -7.2077216 | M172: 0 | N172: 1
D173: UC_Calib_CFs_shucpclCHPlo | E173: OAS | F173: -*ReTargDum* | G173: 2017 | H173: CHP | I173: ELCCOA | J173: LO | K173: 1 | L173: -17.893465 | M173: 0 | N173: 1
D174: UC_Calib_CFs_shucpclCHPlo | E174: OAS | F174: -*ReTargDum* | G174: 2018 | H174: CHP | I174: ELCCOA | J174: LO | K174: 1 | L174: -19.346971 | M174: 0 | N174: 1
D175: UC_Calib_CFs_shucpclCHPlo | E175: OAS | F175: -*ReTargDum* | G175: 2020 | H175: CHP | I175: ELCCOA | J175: LO | K175: 1 | L175: 0 | M175: 0 | N175: 1
D176: UC_Calib_CFs_shucpclCHPlo | E176: OAS | F176: -*ReTargDum* | G176: 2030, 2021 | H176: CHP | I176: ELCCOA | J176: LO | K176: 1 | L176: -9.6734853 | M176: 0 | N176: 1
D177: UC_Calib_CFs_shucpclCHPlo | E177: RUS | F177: -*ReTargDum* | G177: 2017 | H177: CHP | I177: ELCCOA | J177: LO | K177: 1 | L177: -10.345425 | M177: 0 | N177: 1
D178: UC_Calib_CFs_shucpclCHPlo | E178: RUS | F178: -*ReTargDum* | G178: 2018 | H178: CHP | I178: ELCCOA | J178: LO | K178: 1 | L178: -10.513926 | M178: 0 | N178: 1
D179: UC_Calib_CFs_shucpclCHPlo | E179: RUS | F179: -*ReTargDum* | G179: 2020 | H179: CHP | I179: ELCCOA | J179: LO | K179: 1 | L179: 0 | M179: 0 | N179: 1
D180: UC_Calib_CFs_shucpclCHPlo | E180: RUS | F180: -*ReTargDum* | G180: 2030, 2021 | H180: CHP | I180: ELCCOA | J180: LO | K180: 1 | L180: -5.256963 | M180: 0 | N180: 1
D181: UC_Calib_CFs_shucpclCHPlo | E181: SKO | F181: -*ReTargDum* | G181: 2017 | H181: CHP | I181: ELCCOA | J181: LO | K181: 1 | L181: -19.903171 | M181: 0 | N181: 1
D182: UC_Calib_CFs_shucpclCHPlo | E182: SKO | F182: -*ReTargDum* | G182: 2018 | H182: CHP | I182: ELCCOA | J182: LO | K182: 1 | L182: -19.744621 | M182: 0 | N182: 1
D183: UC_Calib_CFs_shucpclCHPlo | E183: SKO | F183: -*ReTargDum* | G183: 2020 | H183: CHP | I183: ELCCOA | J183: LO | K183: 1 | L183: 0 | M183: 0 | N183: 1
D184: UC_Calib_CFs_shucpclCHPlo | E184: SKO | F184: -*ReTargDum* | G184: 2030, 2021 | H184: CHP | I184: ELCCOA | J184: LO | K184: 1 | L184: -9.9515855 | M184: 0 | N184: 1
D185: UC_Calib_CFs_shucpclCHPlo | E185: URA | F185: -*ReTargDum* | G185: 2017 | H185: CHP | I185: ELCCOA | J185: LO | K185: 1 | L185: -10.865446 | M185: 0 | N185: 1
D186: UC_Calib_CFs_shucpclCHPlo | E186: URA | F186: -*ReTargDum* | G186: 2018 | H186: CHP | I186: ELCCOA | J186: LO | K186: 1 | L186: -11.059005 | M186: 0 | N186: 1
D187: UC_Calib_CFs_shucpclCHPlo | E187: URA | F187: -*ReTargDum* | G187: 2020 | H187: CHP | I187: ELCCOA | J187: LO | K187: 1 | L187: 0 | M187: 0 | N187: 1
D188: UC_Calib_CFs_shucpclCHPlo | E188: URA | F188: -*ReTargDum* | G188: 2030, 2021 | H188: CHP | I188: ELCCOA | J188: LO | K188: 1 | L188: -5.5295023 | M188: 0 | N188: 1
D189: UC_Calib_CFs_shucpclCHPlo | E189: USA | F189: -*ReTargDum* | G189: 2017 | H189: CHP | I189: ELCCOA | J189: LO | K189: 1 | L189: -17.141108 | M189: 0 | N189: 1
D190: UC_Calib_CFs_shucpclCHPlo | E190: USA | F190: -*ReTargDum* | G190: 2018 | H190: CHP | I190: ELCCOA | J190: LO | K190: 1 | L190: -16.855238 | M190: 0 | N190: 1
D191: UC_Calib_CFs_shucpclCHPlo | E191: USA | F191: -*ReTargDum* | G191: 2020 | H191: CHP | I191: ELCCOA | J191: LO | K191: 1 | L191: 0 | M191: 0 | N191: 1
D192: UC_Calib_CFs_shucpclCHPlo | E192: USA | F192: -*ReTargDum* | G192: 2030, 2021 | H192: CHP | I192: ELCCOA | J192: LO | K192: 1 | L192: -8.5705542 | M192: 0 | N192: 1
D193: UC_Calib_CFs_shucpclCHPup | E193: ANZ | F193: -*ReTargDum* | G193: 2017 | H193: CHP | I193: ELCCOA | J193: UP | K193: 1 | L193: -22.227035 | M193: 0 | N193: 1
D194: UC_Calib_CFs_shucpclCHPup | E194: ANZ | F194: -*ReTargDum* | G194: 2018 | H194: CHP | I194: ELCCOA | J194: UP | K194: 1 | L194: -21.687503 | M194: 0 | N194: 1
D195: UC_Calib_CFs_shucpclCHPup | E195: ANZ | F195: -*ReTargDum* | G195: 2030 | H195: CHP | I195: ELCCOA | J195: UP | K195: 1 | L195: -22.227035 | M195: 0 | N195: 1
D196: UC_Calib_CFs_shucpclCHPup | E196: BRZ | F196: -*ReTargDum* | G196: 2017 | H196: CHP | I196: ELCCOA | J196: UP | K196: 1 | L196: -21.856014 | M196: 0 | N196: 1
D197: UC_Calib_CFs_shucpclCHPup | E197: BRZ | F197: -*ReTargDum* | G197: 2018 | H197: CHP | I197: ELCCOA | J197: UP | K197: 1 | L197: -21.105938 | M197: 0 | N197: 1
D198: UC_Calib_CFs_shucpclCHPup | E198: BRZ | F198: -*ReTargDum* | G198: 2030 | H198: CHP | I198: ELCCOA | J198: UP | K198: 1 | L198: -21.856014 | M198: 0 | N198: 1
D199: UC_Calib_CFs_shucpclCHPup | E199: CHI | F199: -*ReTargDum* | G199: 2017 | H199: CHP | I199: ELCCOA | J199: UP | K199: 1 | L199: -14.670472 | M199: 0 | N199: 1
D200: UC_Calib_CFs_shucpclCHPup | E200: CHI | F200: -*ReTargDum* | G200: 2018 | H200: CHP | I200: ELCCOA | J200: UP | K200: 1 | L200: -15.221964 | M200: 0 | N200: 1
D201: UC_Calib_CFs_shucpclCHPup | E201: CHI | F201: -*ReTargDum* | G201: 2030 | H201: CHP | I201: ELCCOA | J201: UP | K201: 1 | L201: -15.221964 | M201: 0 | N201: 1
D202: UC_Calib_CFs_shucpclCHPup | E202: EUR | F202: -*ReTargDum* | G202: 2017 | H202: CHP | I202: ELCCOA | J202: UP | K202: 1 | L202: -15.445118 | M202: 0 | N202: 1
D203: UC_Calib_CFs_shucpclCHPup | E203: EUR | F203: -*ReTargDum* | G203: 2018 | H203: CHP | I203: ELCCOA | J203: UP | K203: 1 | L203: -14.945897 | M203: 0 | N203: 1
D204: UC_Calib_CFs_shucpclCHPup | E204: EUR | F204: -*ReTargDum* | G204: 2030 | H204: CHP | I204: ELCCOA | J204: UP | K204: 1 | L204: -15.445118 | M204: 0 | N204: 1
... D222: UC_Calib_CFs_shucpclELElo | E222: AFR_N | F222: -*ReTargDum* | G222: 2020 | H222: ELE | I222: ELCCOA | J222: LO | K222: 1 | L222: 0 | M222: 0 | N222: 1
D223: UC_Calib_CFs_shucpclELElo | E223: AFR_N | F223: -*ReTargDum* | G223: 2030, 2021 | H223: ELE | I223: ELCCOA | J223: LO | K223: 1 | L223: -9.490885 | M223: 0 | N223: 1
D224: UC_Calib_CFs_shucpclELElo | E224: AFR_S | F224: -*ReTargDum* | G224: 2017 | H224: ELE | I224: ELCCOA | J224: LO | K224: 1 | L224: -18.98177 | M224: 0 | N224: 1
D225: UC_Calib_CFs_shucpclELElo | E225: AFR_S | F225: -*ReTargDum* | G225: 2018 | H225: ELE | I225: ELCCOA | J225: LO | K225: 1 | L225: -18.871257 | M225: 0 | N225: 1
D226: UC_Calib_CFs_shucpclELElo | E226: AFR_S | F226: -*ReTargDum* | G226: 2020 | H226: ELE | I226: ELCCOA | J226: LO | K226: 1 | L226: 0 | M226: 0 | N226: 1
D227: UC_Calib_CFs_shucpclELElo | E227: AFR_S | F227: -*ReTargDum* | G227: 2030, 2021 | H227: ELE | I227: ELCCOA | J227: LO | K227: 1 | L227: -9.490885 | M227: 0 | N227: 1
D228: UC_Calib_CFs_shucpclELElo | E228: ANZ | F228: -*ReTargDum* | G228: 2017 | H228: ELE | I228: ELCCOA | J228: LO | K228: 1 | L228: -20.745232 | M228: 0 | N228: 1
D229: UC_Calib_CFs_shucpclELElo | E229: ANZ | F229: -*ReTargDum* | G229: 2018 | H229: ELE | I229: ELCCOA | J229: LO | K229: 1 | L229: -20.24167 | M229: 0 | N229: 1
D230: UC_Calib_CFs_shucpclELElo | E230: ANZ | F230: -*ReTargDum* | G230: 2020 | H230: ELE | I230: ELCCOA | J230: LO | K230: 1 | L230: 0 | M230: 0 | N230: 1
D231: UC_Calib_CFs_shucpclELElo | E231: ANZ | F231: -*ReTargDum* | G231: 2030, 2021 | H231: ELE | I231: ELCCOA | J231: LO | K231: 1 | L231: -10.372616 | M231: 0 | N231: 1
D232: UC_Calib_CFs_shucpclELElo | E232: BRZ | F232: -*ReTargDum* | G232: 2017 | H232: ELE | I232: ELCCOA | J232: LO | K232: 1 | L232: -20.398946 | M232: 0 | N232: 1
D233: UC_Calib_CFs_shucpclELElo | E233: BRZ | F233: -*ReTargDum* | G233: 2018 | H233: ELE | I233: ELCCOA | J233: LO | K233: 1 | L233: -19.698875 | M233: 0 | N233: 1
D234: UC_Calib_CFs_shucpclELElo | E234: BRZ | F234: -*ReTargDum* | G234: 2020 | H234: ELE | I234: ELCCOA | J234: LO | K234: 1 | L234: 0 | M234: 0 | N234: 1
D235: UC_Calib_CFs_shucpclELElo | E235: BRZ | F235: -*ReTargDum* | G235: 2030, 2021 | H235: ELE | I235: ELCCOA | J235: LO | K235: 1 | L235: -10.199473 | M235: 0 | N235: 1
D236: UC_Calib_CFs_shucpclELElo | E236: CAN | F236: -*ReTargDum* | G236: 2017 | H236: ELE | I236: ELCCOA | J236: LO | K236: 1 | L236: -22.343579 | M236: 0 | N236: 1
D237: UC_Calib_CFs_shucpclELElo | E237: CAN | F237: -*ReTargDum* | G237: 2018 | H237: ELE | I237: ELCCOA | J237: LO | K237: 1 | L237: -18.786261 | M237: 0 | N237: 1
D238: UC_Calib_CFs_shucpclELElo | E238: CAN | F238: -*ReTargDum* | G238: 2020 | H238: ELE | I238: ELCCOA | J238: LO | K238: 1 | L238: 0 | M238: 0 | N238: 1
D239: UC_Calib_CFs_shucpclELElo | E239: CAN | F239: -*ReTargDum* | G239: 2030, 2021 | H239: ELE | I239: ELCCOA | J239: LO | K239: 1 | L239: -11.17179 | M239: 0 | N239: 1
D240: UC_Calib_CFs_shucpclELElo | E240: CHI | F240: -*ReTargDum* | G240: 2017 | H240: ELE | I240: ELCCOA | J240: LO | K240: 1 | L240: -13.692441 | M240: 0 | N240: 1
D241: UC_Calib_CFs_shucpclELElo | E241: CHI | F241: -*ReTargDum* | G241: 2018 | H241: ELE | I241: ELCCOA | J241: LO | K241: 1 | L241: -14.207167 | M241: 0 | N241: 1
D242: UC_Calib_CFs_shucpclELElo | E242: CHI | F242: -*ReTargDum* | G242: 2020 | H242: ELE | I242: ELCCOA | J242: LO | K242: 1 | L242: 0 | M242: 0 | N242: 1
D243: UC_Calib_CFs_shucpclELElo | E243: CHI | F243: -*ReTargDum* | G243: 2030, 2021 | H243: ELE | I243: ELCCOA | J243: LO | K243: 1 | L243: -7.1035834 | M243: 0 | N243: 1
D244: UC_Calib_CFs_shucpclELElo | E244: CSA | F244: -*ReTargDum* | G244: 2017 | H244: ELE | I244: ELCCOA | J244: LO | K244: 1 | L244: -11.776156 | M244: 0 | N244: 1
D245: UC_Calib_CFs_shucpclELElo | E245: CSA | F245: -*ReTargDum* | G245: 2018 | H245: ELE | I245: ELCCOA | J245: LO | K245: 1 | L245: -12.534357 | M245: 0 | N245: 1
D246: UC_Calib_CFs_shucpclELElo | E246: CSA | F246: -*ReTargDum* | G246: 2020 | H246: ELE | I246: ELCCOA | J246: LO | K246: 1 | L246: 0 | M246: 0 | N246: 1
D247: UC_Calib_CFs_shucpclELElo | E247: CSA | F247: -*ReTargDum* | G247: 2030, 2021 | H247: ELE | I247: ELCCOA | J247: LO | K247: 1 | L247: -6.2671783 | M247: 0 | N247: 1
D248: UC_Calib_CFs_shucpclELElo | E248: EUR | F248: -*ReTargDum* | G248: 2017 | H248: ELE | I248: ELCCOA | J248: LO | K248: 1 | L248: -14.415443 | M248: 0 | N248: 1
D249: UC_Calib_CFs_shucpclELElo | E249: EUR | F249: -*ReTargDum* | G249: 2018 | H249: ELE | I249: ELCCOA | J249: LO | K249: 1 | L249: -13.949504 | M249: 0 | N249: 1
D250: UC_Calib_CFs_shucpclELElo | E250: EUR | F250: -*ReTargDum* | G250: 2020 | H250: ELE | I250: ELCCOA | J250: LO | K250: 1 | L250: 0 | M250: 0 | N250: 1
D251: UC_Calib_CFs_shucpclELElo | E251: EUR | F251: -*ReTargDum* | G251: 2030, 2021 | H251: ELE | I251: ELCCOA | J251: LO | K251: 1 | L251: -7.2077216 | M251: 0 | N251: 1
D252: UC_Calib_CFs_shucpclELElo | E252: IND | F252: -*ReTargDum* | G252: 2017 | H252: ELE | I252: ELCCOA | J252: LO | K252: 1 | L252: -15.533865 | M252: 0 | N252: 1
D253: UC_Calib_CFs_shucpclELElo | E253: IND | F253: -*ReTargDum* | G253: 2018 | H253: ELE | I253: ELCCOA | J253: LO | K253: 1 | L253: -15.591713 | M253: 0 | N253: 1
D254: UC_Calib_CFs_shucpclELElo | E254: IND | F254: -*ReTargDum* | G254: 2020 | H254: ELE | I254: ELCCOA | J254: LO | K254: 1 | L254: 0 | M254: 0 | N254: 1
D255: UC_Calib_CFs_shucpclELElo | E255: IND | F255: -*ReTargDum* | G255: 2030, 2021 | H255: ELE | I255: ELCCOA | J255: LO | K255: 1 | L255: -7.7958565 | M255: 0 | N255: 1
D256: UC_Calib_CFs_shucpclELElo | E256: JPN | F256: -*ReTargDum* | G256: 2017 | H256: ELE | I256: ELCCOA | J256: LO | K256: 1 | L256: -19.0475 | M256: 0 | N256: 1
D257: UC_Calib_CFs_shucpclELElo | E257: JPN | F257: -*ReTargDum* | G257: 2018 | H257: ELE | I257: ELCCOA | J257: LO | K257: 1 | L257: -18.508951 | M257: 0 | N257: 1
D258: UC_Calib_CFs_shucpclELElo | E258: JPN | F258: -*ReTargDum* | G258: 2020 | H258: ELE | I258: ELCCOA | J258: LO | K258: 1 | L258: 0 | M258: 0 | N258: 1
D259: UC_Calib_CFs_shucpclELElo | E259: JPN | F259: -*ReTargDum* | G259: 2030, 2021 | H259: ELE | I259: ELCCOA | J259: LO | K259: 1 | L259: -9.5237502 | M259: 0 | N259: 1
D260: UC_Calib_CFs_shucpclELElo | E260: MID | F260: -*ReTargDum* | G260: 2017 | H260: ELE | I260: ELCCOA | J260: LO | K260: 1 | L260: -6.9894605 | M260: 0 | N260: 1
...

Sheet CHP_elecEFF
A1: RestartCHPChar_EFF | AC1: 0.8 | AD1: Max CHP eff
V2: ~TFM_DINS-TS
A3: Region | B3: PSET_PN | C3: 2002 | D3: 2003 | E3: 2004 | F3: 2005 | G3: 2006 | H3: 2007 | I3: 2008 | J3: 2009 | K3: 2010 | L3: 2011 | M3: 2012 | N3: 2013 | O3: 2014 | P3: 2015 | Q3: 2016 | R3: 2017 | S3: 2018 | V3: Attribute | W3: Region | X3: Techname | Y3: EFF_WtdAvg | Z3: ts_filter | AA3: 2020
A4: AFR_N | B4: EP_Bio-CHP | L4: 0 | M4: 0 | N4: 0 | O4: 0 | P4: 0 | Q4: 0 | R4: 0 | S4: 0 | V4: EFF | W4: AFR_N | X4: EP_Bio-CHP | Y4: 0.30304839 | Z4: 0 | AA4: =IF(SUMIFS(CHP_CHPR!$AA$4:$AA$283,CHP_CHPR!$Y$4:$Y$283,CHP_elecEFF!$W4,CHP_CHPR!$Z$4:$Z$283,CHP_elecEFF!$X4)*Y4+Y4<=$AC$1,"",Y4*$AC$1/(SUMIFS(CHP_CHPR!$AA$4:$AA$283,CHP_CHPR!$Y$4:$Y$283,CHP_elecEFF!$W4,CHP_CHPR!$Z$4:$Z$283,CHP_elecEFF!$X4)*Y4+Y4))
A5: AFR_N | B5: EP_Coa-CHP | S5: 0.33 | V5: EFF | W5: AFR_N | X5: EP_Coa-CHP | Z5: 0 | AA5: =IF(SUMIFS(CHP_CHPR!$AA$4:$AA$283,CHP_CHPR!$Y$4:$Y$283,CHP_elecEFF!$W5,CHP_CHPR!$Z$4:$Z$283,CHP_elecEFF!$X5)*Y5+Y5<=$AC$1,"",Y5*$AC$1/(SUMIFS(CHP_CHPR!$AA$4:$AA$283,CHP_CHPR!$Y$4:$Y$283,CHP_elecEFF!$W5,CHP_CHPR!$Z$4:$Z$283,CHP_elecEFF!$X5)*Y5+Y5))
A6: AFR_N | B6: EP_Gas-CHP | K6: 0 | L6: 0 | M6: 0 | N6: 0 | O6: 0 | P6: 0 | Q6: 0 | R6: 0 | S6: 0 | V6: EFF | W6: AFR_N | X6: EP_Gas-CHP | Y6: 0.31358537 | Z6: 0 | AA6: =IF(SUMIFS(CHP_CHPR!$AA$4:$AA$283,CHP_CHPR!$Y$4:$Y$283,CHP_elecEFF!$W6,CHP_CHPR!$Z$4:$Z$283,CHP_elecEFF!$X6)*Y6+Y6<=$AC$1,"",Y6*$AC$1/(SUMIFS(CHP_CHPR!$AA$4:$AA$283,CHP_CHPR!$Y$4:$Y$283,CHP_elecEFF!$W6,CHP_CHPR!$Z$4:$Z$283,CHP_elecEFF!$X6)*Y6+Y6))
A7: AFR_N | B7: EP_Oil-CHP | S7: 0.33 | V7: EFF | W7: AFR_N | X7: EP_Oil-CHP | Z7: 0 | AA7: =IF(SUMIFS(CHP_CHPR!$AA$4:$AA$283,CHP_CHPR!$Y$4:$Y$283,CHP_elecEFF!$W7,CHP_CHPR!$Z$4:$Z$283,CHP_elecEFF!$X7)*Y7+Y7<=$AC$1,"",Y7*$AC$1/(SUMIFS(CHP_CHPR!$AA$4:$AA$283,CHP_CHPR!$Y$4:$Y$283,CHP_elecEFF!$W7,CHP_CHPR!$Z$4:$Z$283,CHP_elecEFF!$X7)*Y7+Y7))
A8: AFR_N | B8: EP_Oil_CRD-CHP | S8: 0.33 | V8: EFF | W8: AFR_N | X8: EP_Oil_CRD-CHP | Z8: 0 | AA8: =IF(SUMIFS(CHP_CHPR!$AA$4:$AA$283,CHP_CHPR!$Y$4:$Y$283,CHP_elecEFF!$W8,CHP_CHPR!$Z$4:$Z$283,CHP_elecEFF!$X8)*Y8+Y8<=$AC$1,"",Y8*$AC$1/(SUMIFS(CHP_CHPR!$AA$4:$AA$283,CHP_CHPR!$Y$4:$Y$283,CHP_elecEFF!$W8,CHP_CHPR!$Z$4:$Z$283,CHP_elecEFF!$X8)*Y8+Y8))
A9: AFR_N | B9: EP_Oil_DST-CHP | S9: 0.33 | V9: EFF | W9: AFR_N | X9: EP_Oil_DST-CHP | Z9: 0 | AA9: =IF(SUMIFS(CHP_CHPR!$AA$4:$AA$283,CHP_CHPR!$Y$4:$Y$283,CHP_elecEFF!$W9,CHP_CHPR!$Z$4:$Z$283,CHP_elecEFF!$X9)*Y9+Y9<=$AC$1,"",Y9*$AC$1/(SUMIFS(CHP_CHPR!$AA$4:$AA$283,CHP_CHPR!$Y$4:$Y$283,CHP_elecEFF!$W9,CHP_CHPR!$Z$4:$Z$283,CHP_elecEFF!$X9)*Y9+Y9))
A10: AFR_N | B10: EP_Was-CHP | S10: 0.33 | V10: EFF | W10: AFR_N | X10: EP_Was-CHP | Z10: 0 | AA10: =IF(SUMIFS(CHP_CHPR!$AA$4:$AA$283,CHP_CHPR!$Y$4:$Y$283,CHP_elecEFF!$W10,CHP_CHPR!$Z$4:$Z$283,CHP_elecEFF!$X10)*Y10+Y10<=$AC$1,"",Y10*$AC$1/(SUMIFS(CHP_CHPR!$AA$4:$AA$283,CHP_CHPR!$Y$4:$Y$283,CHP_elecEFF!$W10,CHP_CHPR!$Z$4:$Z$283,CHP_elecEFF!$X10)*Y10+Y10))
A11: AFR_S | B11: EP_Bio-CHP | L11: 0 | M11: 0 | N11: 0 | O11: 0 | P11: 0 | Q11: 0 | R11: 0 | S11: 0 | V11: EFF | W11: AFR_S | X11: EP_Bio-CHP | Y11: 0.2989452 | Z11: 0 | AA11: =IF(SUMIFS(CHP_CHPR!$AA$4:$AA$283,CHP_CHPR!$Y$4:$Y$283,CHP_elecEFF!$W11,CHP_CHPR!$Z$4:$Z$283,CHP_elecEFF!$X11)*Y11+Y11<=$AC$1,"",Y11*$AC$1/(SUMIFS(CHP_CHPR!$AA$4:$AA$283,CHP_CHPR!$Y$4:$Y$283,CHP_elecEFF!$W11,CHP_CHPR!$Z$4:$Z$283,CHP_elecEFF!$X11)*Y11+Y11))
A12: AFR_S | B12: EP_Coa-CHP | S12: 0.33 | V12: EFF | W12: AFR_S | X12: EP_Coa-CHP | Z12: 0 | AA12: =IF(SUMIFS(CHP_CHPR!$AA$4:$AA$283,CHP_CHPR!$Y$4:$Y$283,CHP_elecEFF!$W12,CHP_CHPR!$Z$4:$Z$283,CHP_elecEFF!$X12)*Y12+Y12<=$AC$1,"",Y12*$AC$1/(SUMIFS(CHP_CHPR!$AA$4:$AA$283,CHP_CHPR!$Y$4:$Y$283,CHP_elecEFF!$W12,CHP_CHPR!$Z$4:$Z$283,CHP_elecEFF!$X12)*Y12+Y12))
A13: AFR_S | B13: EP_Gas-CHP | K13: 0 | L13: 0 | M13: 0 | N13: 0 | O13: 0 | P13: 0 | Q13: 0 | R13: 0 | S13: 0 | V13: EFF | W13: AFR_S | X13: EP_Gas-CHP | Y13: 0.28532783 | Z13: 0 | AA13: =IF(SUMIFS(CHP_CHPR!$AA$4:$AA$283,CHP_CHPR!$Y$4:$Y$283,CHP_elecEFF!$W13,CHP_CHPR!$Z$4:$Z$283,CHP_elecEFF!$X13)*Y13+Y13<=$AC$1,"",Y13*$AC$1/(SUMIFS(CHP_CHPR!$AA$4:$AA$283,CHP_CHPR!$Y$4:$Y$283,CHP_elecEFF!$W13,CHP_CHPR!$Z$4:$Z$283,CHP_elecEFF!$X13)*Y13+Y13))
A14: AFR_S | B14: EP_Oil-CHP | S14: 0.33 | V14: EFF | W14: AFR_S | X14: EP_Oil-CHP | Z14: 0 | AA14: =IF(SUMIFS(CHP_CHPR!$AA$4:$AA$283,CHP_CHPR!$Y$4:$Y$283,CHP_elecEFF!$W14,CHP_CHPR!$Z$4:$Z$283,CHP_elecEFF!$X14)*Y14+Y14<=$AC$1,"",Y14*$AC$1/(SUMIFS(CHP_CHPR!$AA$4:$AA$283,CHP_CHPR!$Y$4:$Y$283,CHP_elecEFF!$W14,CHP_CHPR!$Z$4:$Z$283,CHP_elecEFF!$X14)*Y14+Y14))
A15: AFR_S | B15: EP_Oil_DST-CHP | S15: 0.33 | V15: EFF | W15: AFR_S | X15: EP_Oil_DST-CHP | Z15: 0 | AA15: =IF(SUMIFS(CHP_CHPR!$AA$4:$AA$283,CHP_CHPR!$Y$4:$Y$283,CHP_elecEFF!$W15,CHP_CHPR!$Z$4:$Z$283,CHP_elecEFF!$X15)*Y15+Y15<=$AC$1,"",Y15*$AC$1/(SUMIFS(CHP_CHPR!$AA$4:$AA$283,CHP_CHPR!$Y$4:$Y$283,CHP_elecEFF!$W15,CHP_CHPR!$Z$4:$Z$283,CHP_elecEFF!$X15)*Y15+Y15))
A16: AFR_S | B16: EP_Was-CHP | S16: 0.33 | V16: EFF | W16: AFR_S | X16: EP_Was-CHP | Z16: 0 | AA16: =IF(SUMIFS(CHP_CHPR!$AA$4:$AA$283,CHP_CHPR!$Y$4:$Y$283,CHP_elecEFF!$W16,CHP_CHPR!$Z$4:$Z$283,CHP_elecEFF!$X16)*Y16+Y16<=$AC$1,"",Y16*$AC$1/(SUMIFS(CHP_CHPR!$AA$4:$AA$283,CHP_CHPR!$Y$4:$Y$283,CHP_elecEFF!$W16,CHP_CHPR!$Z$4:$Z$283,CHP_elecEFF!$X16)*Y16+Y16))
A17: ANZ | B17: EP_Bio-CHP | C17: 0 | D17: 0 | E17: 0 | F17: 0 | G17: 0 | H17: 0 | I17: 0 | J17: 0 | K17: 0 | L17: 0 | M17: 0 | N17: 0 | O17: 0 | P17: 0 | Q17: 0 | R17: 0 | S17: 0 | V17: EFF | W17: ANZ | X17: EP_Bio-CHP | Y17: 0.3088406 | Z17: 0 | AA17: =IF(SUMIFS(CHP_CHPR!$AA$4:$AA$283,CHP_CHPR!$Y$4:$Y$283,CHP_elecEFF!$W17,CHP_CHPR!$Z$4:$Z$283,CHP_elecEFF!$X17)*Y17+Y17<=$AC$1,"",Y17*$AC$1/(SUMIFS(CHP_CHPR!$AA$4:$AA$283,CHP_CHPR!$Y$4:$Y$283,CHP_elecEFF!$W17,CHP_CHPR!$Z$4:$Z$283,CHP_elecEFF!$X17)*Y17+Y17))
A18: ANZ | B18: EP_Coa-CHP | C18: 0.097021397 | D18: 0.10336374 | E18: 0.10140425 | F18: 0.097912118 | G18: 0.10134815 | H18: 0.093295995 | I18: 0.091840379 | J18: 0.10827728 | K18: 0.12062904 | L18: 0.11841452 | M18: 0.1203152 | N18: 0.12271427 | O18: 0.12382609 | P18: 0.12037153 | Q18: 0.12174402 | R18: 0.13259109 | S18: 0.14406676 | V18: EFF | W18: ANZ | X18: EP_Coa-CHP | Y18: 0.28716933 | Z18: 0 | AA18: =IF(SUMIFS(CHP_CHPR!$AA$4:$AA$283,CHP_CHPR!$Y$4:$Y$283,CHP_elecEFF!$W18,CHP_CHPR!$Z$4:$Z$283,CHP_elecEFF!$X18)*Y18+Y18<=$AC$1,"",Y18*$AC$1/(SUMIFS(CHP_CHPR!$AA$4:$AA$283,CHP_CHPR!$Y$4:$Y$283,CHP_elecEFF!$W18,CHP_CHPR!$Z$4:$Z$283,CHP_elecEFF!$X18)*Y18+Y18))
A19: ANZ | B19: EP_Gas-CHP | C19: 0.19765142 | D19: 0.21936556 | E19: 0.23917644 | F19: 0.17167037 | G19: 0.18885271 | H19: 0.19231066 | I19: 0.18361601 | J19: 0.18403571 | K19: 0.19416967 | L19: 0.20945681 | M19: 0.19748565 | N19: 0.20963987 | O19: 0.22029022 | P19: 0.20453341 | Q19: 0.19103983 | R19: 0.22930318 | S19: 0.25482334 | V19: EFF | W19: ANZ | X19: EP_Gas-CHP | Y19: 0.30194587 | Z19: 0 | AA19: =IF(SUMIFS(CHP_CHPR!$AA$4:$AA$283,CHP_CHPR!$Y$4:$Y$283,CHP_elecEFF!$W19,CHP_CHPR!$Z$4:$Z$283,CHP_elecEFF!$X19)*Y19+Y19<=$AC$1,"",Y19*$AC$1/(SUMIFS(CHP_CHPR!$AA$4:$AA$283,CHP_CHPR!$Y$4:$Y$283,CHP_elecEFF!$W19,CHP_CHPR!$Z$4:$Z$283,CHP_elecEFF!$X19)*Y19+Y19))
A20: ANZ | B20: EP_Geo-CHP | C20: 0 | D20: 0 | E20: 0 | F20: 0 | G20: 0 | H20: 0 | I20: 0 | J20: 0 | K20: 0 | L20: 0 | M20: 0 | N20: 0 | O20: 0 | P20: 0 | Q20: 0 | R20: 0 | S20: 0 | V20: EFF | W20: ANZ | X20: EP_Geo-CHP | Y20: 0.257 | Z20: 0 | AA20: =IF(SUMIFS(CHP_CHPR!$AA$4:$AA$283,CHP_CHPR!$Y$4:$Y$283,CHP_elecEFF!$W20,CHP_CHPR!$Z$4:$Z$283,CHP_elecEFF!$X20)*Y20+Y20<=$AC$1,"",Y20*$AC$1/(SUMIFS(CHP_CHPR!$AA$4:$AA$283,CHP_CHPR!$Y$4:$Y$283,CHP_elecEFF!$W20,CHP_CHPR!$Z$4:$Z$283,CHP_elecEFF!$X20)*Y20+Y20))
A21: ANZ | B21: EP_Oil-CHP | J21: 0 | K21: 0 | L21: 0 | M21: 0 | N21: 0 | O21: 0 | P21: 0 | Q21: 0 | R21: 0 | S21: 0 | V21: EFF | W21: ANZ | X21: EP_Oil-CHP | Y21: 0.25549206 | Z21: 0 | AA21: =IF(SUMIFS(CHP_CHPR!$AA$4:$AA$283,CHP_CHPR!$Y$4:$Y$283,CHP_elecEFF!$W21,CHP_CHPR!$Z$4:$Z$283,CHP_elecEFF!$X21)*Y21+Y21<=$AC$1,"",Y21*$AC$1/(SUMIFS(CHP_CHPR!$AA$4:$AA$283,CHP_CHPR!$Y$4:$Y$283,CHP_elecEFF!$W21,CHP_CHPR!$Z$4:$Z$283,CHP_elecEFF!$X21)*Y21+Y21))
A22: ANZ | B22: EP_Oil_DST-CHP | S22: 0.33 | V22: EFF | W22: ANZ | X22: EP_Oil_DST-CHP | Z22: 0 | AA22: =IF(SUMIFS(CHP_CHPR!$AA$4:$AA$283,CHP_CHPR!$Y$4:$Y$283,CHP_elecEFF!$W22,CHP_CHPR!$Z$4:$Z$283,CHP_elecEFF!$X22)*Y22+Y22<=$AC$1,"",Y22*$AC$1/(SUMIFS(CHP_CHPR!$AA$4:$AA$283,CHP_CHPR!$Y$4:$Y$283,CHP_elecEFF!$W22,CHP_CHPR!$Z$4:$Z$283,CHP_elecEFF!$X22)*Y22+Y22))
A23: ANZ | B23: EP_Was-CHP | C23: 0 | D23: 0 | E23: 0 | F23: 0 | G23: 0 | H23: 0 | I23: 0 | J23: 0 | K23: 0 | L23: 0 | M23: 0 | N23: 0 | O23: 0 | P23: 0 | Q23: 0 | R23: 0 | S23: 0 | V23: EFF | W23: ANZ | X23: EP_Was-CHP | Y23: 0.25997917 | Z23: 0 | AA23: =IF(SUMIFS(CHP_CHPR!$AA$4:$AA$283,CHP_CHPR!$Y$4:$Y$283,CHP_elecEFF!$W23,CHP_CHPR!$Z$4:$Z$283,CHP_elecEFF!$X23)*Y23+Y23<=$AC$1,"",Y23*$AC$1/(SUMIFS(CHP_CHPR!$AA$4:$AA$283,CHP_CHPR!$Y$4:$Y$283,CHP_elecEFF!$W23,CHP_CHPR!$Z$4:$Z$283,CHP_elecEFF!$X23)*Y23+Y23))
A24: BRZ | B24: EP_Bio-CHP | C24: 0 | D24: 0 | E24: 0 | F24: 0 | G24: 0 | H24: 0 | I24: 0 | J24: 0 | K24: 0 | L24: 0 | M24: 0 | N24: 0 | O24: 0 | P24: 0 | Q24: 0 | R24: 0 | S24: 0 | V24: EFF | W24: BRZ | X24: EP_Bio-CHP | Y24: 0.32740002 | Z24: 0 | AA24: =IF(SUMIFS(CHP_CHPR!$AA$4:$AA$283,CHP_CHPR!$Y$4:$Y$283,CHP_elecEFF!$W24,CHP_CHPR!$Z$4:$Z$283,CHP_elecEFF!$X24)*Y24+Y24<=$AC$1,"",Y24*$AC$1/(SUMIFS(CHP_CHPR!$AA$4:$AA$283,CHP_CHPR!$Y$4:$Y$283,CHP_elecEFF!$W24,CHP_CHPR!$Z$4:$Z$283,CHP_elecEFF!$X24)*Y24+Y24))
A25: BRZ | B25: EP_Coa-CHP | C25: 0 | D25: 0 | E25: 0 | F25: 0 | G25: 0 | H25: 0 | I25: 0 | J25: 0 | K25: 0 | L25: 0 | M25: 0 | N25: 0 | O25: 0 | P25: 0 | Q25: 0 | R25: 0 | S25: 0 | V25: EFF | W25: BRZ | X25: EP_Coa-CHP | Y25: 0.30673833 | Z25: 0 | AA25: =IF(SUMIFS(CHP_CHPR!$AA$4:$AA$283,CHP_CHPR!$Y$4:$Y$283,CHP_elecEFF!$W25,CHP_CHPR!$Z$4:$Z$283,CHP_elecEFF!$X25)*Y25+Y25<=$AC$1,"",Y25*$AC$1/(SUMIFS(CHP_CHPR!$AA$4:$AA$283,CHP_CHPR!$Y$4:$Y$283,CHP_elecEFF!$W25,CHP_CHPR!$Z$4:$Z$283,CHP_elecEFF!$X25)*Y25+Y25))
A26: BRZ | B26: EP_Gas-CHP | C26: 0 | D26: 0 | E26: 0 | F26: 0 | G26: 0 | H26: 0 | I26: 0 | J26: 0 | K26: 0 | L26: 0 | M26: 0 | N26: 0 | O26: 0 | P26: 0 | Q26: 0 | R26: 0 | S26: 0 | V26: EFF | W26: BRZ | X26: EP_Gas-CHP | Y26: 0.38811846 | Z26: 0 | AA26: =IF(SUMIFS(CHP_CHPR!$AA$4:$AA$283,CHP_CHPR!$Y$4:$Y$283,CHP_elecEFF!$W26,CHP_CHPR!$Z$4:$Z$283,CHP_elecEFF!$X26)*Y26+Y26<=$AC$1,"",Y26*$AC$1/(SUMIFS(CHP_CHPR!$AA$4:$AA$283,CHP_CHPR!$Y$4:$Y$283,CHP_elecEFF!$W26,CHP_CHPR!$Z$4:$Z$283,CHP_elecEFF!$X26)*Y26+Y26))
A27: BRZ | B27: EP_Oil-CHP | C27: 0 | D27: 0 | E27: 0 | F27: 0 | G27: 0 | H27: 0 | I27: 0 | J27: 0 | K27: 0 | L27: 0 | M27: 0 | N27: 0 | O27: 0 | P27: 0 | Q27: 0 | R27: 0 | S27: 0 | V27: EFF | W27: BRZ | X27: EP_Oil-CHP | Y27: 0.2714 | Z27: 0 | AA27: =IF(SUMIFS(CHP_CHPR!$AA$4:$AA$283,CHP_CHPR!$Y$4:$Y$283,CHP_elecEFF!$W27,CHP_CHPR!$Z$4:$Z$283,CHP_elecEFF!$X27)*Y27+Y27<=$AC$1,"",Y27*$AC$1/(SUMIFS(CHP_CHPR!$AA$4:$AA$283,CHP_CHPR!$Y$4:$Y$283,CHP_elecEFF!$W27,CHP_CHPR!$Z$4:$Z$283,CHP_elecEFF!$X27)*Y27+Y27))
A28: BRZ | B28: EP_Oil_DST-CHP | S28: 0.33 | V28: EFF | W28: BRZ | X28: EP_Oil_DST-CHP | Z28: 0 | AA28: =IF(SUMIFS(CHP_CHPR!$AA$4:$AA$283,CHP_CHPR!$Y$4:$Y$283,CHP_elecEFF!$W28,CHP_CHPR!$Z$4:$Z$283,CHP_elecEFF!$X28)*Y28+Y28<=$AC$1,"",Y28*$AC$1/(SUMIFS(CHP_CHPR!$AA$4:$AA$283,CHP_CHPR!$Y$4:$Y$283,CHP_elecEFF!$W28,CHP_CHPR!$Z$4:$Z$283,CHP_elecEFF!$X28)*Y28+Y28))
A29: BRZ | B29: EP_Was-CHP | I29: 0 | J29: 0 | K29: 0 | L29: 0 | M29: 0 | N29: 0 | O29: 0 | P29: 0 | Q29: 0 | R29: 0 | S29: 0 | V29: EFF | W29: BRZ | X29: EP_Was-CHP | Y29: 0.26875 | Z29: 0 | AA29: =IF(SUMIFS(CHP_CHPR!$AA$4:$AA$283,CHP_CHPR!$Y$4:$Y$283,CHP_elecEFF!$W29,CHP_CHPR!$Z$4:$Z$283,CHP_elecEFF!$X29)*Y29+Y29<=$AC$1,"",Y29*$AC$1/(SUMIFS(CHP_CHPR!$AA$4:$AA$283,CHP_CHPR!$Y$4:$Y$283,CHP_elecEFF!$W29,CHP_CHPR!$Z$4:$Z$283,CHP_elecEFF!$X29)*Y29+Y29))
A30: CAN | B30: EP_Bio-CHP | S30: 0.33 | V30: EFF | W30: CAN | X30: EP_Bio-CHP | Z30: 0 | AA30: =IF(SUMIFS(CHP_CHPR!$AA$4:$AA$283,CHP_CHPR!$Y$4:$Y$283,CHP_elecEFF!$W30,CHP_CHPR!$Z$4:$Z$283,CHP_elecEFF!$X30)*Y30+Y30<=$AC$1,"",Y30*$AC$1/(SUMIFS(CHP_CHPR!$AA$4:$AA$283,CHP_CHPR!$Y$4:$Y$283,CHP_elecEFF!$W30,CHP_CHPR!$Z$4:$Z$283,CHP_elecEFF!$X30)*Y30+Y30))
A31: CAN | B31: EP_Coa-CHP | S31: 0.33 | V31: EFF | W31: CAN | X31: EP_Coa-CHP | Z31: 0 | AA31: =IF(SUMIFS(CHP_CHPR!$AA$4:$AA$283,CHP_CHPR!$Y$4:$Y$283,CHP_elecEFF!$W31,CHP_CHPR!$Z$4:$Z$283,CHP_elecEFF!$X31)*Y31+Y31<=$AC$1,"",Y31*$AC$1/(SUMIFS(CHP_CHPR!$AA$4:$AA$283,CHP_CHPR!$Y$4:$Y$283,CHP_elecEFF!$W31,CHP_CHPR!$Z$4:$Z$283,CHP_elecEFF!$X31)*Y31+Y31))
A32: CAN | B32: EP_Gas-CHP | C32: 0.08736898 | D32: 0.072965049 | E32: 0.077847403 | F32: 0.076132228 | G32: 0.094950112 | H32: 0.11120079 | I32: 0.11329788 | J32: 0.075607446 | K32: 0.094198788 | L32: 0.11522185 | M32: 0.12248302 | N32: 0.096569148 | O32: 0.095108747 | P32: 0.096959395 | Q32: 0.098226486 | R32: 0.093768384 | S32: 0.096179228 | V32: EFF | W32: CAN | X32: EP_Gas-CHP | Y32: 0.34027451 | Z32: 0 | AA32: =IF(SUMIFS(CHP_CHPR!$AA$4:$AA$283,CHP_CHPR!$Y$4:$Y$283,CHP_elecEFF!$W32,CHP_CHPR!$Z$4:$Z$283,CHP_elecEFF!$X32)*Y32+Y32<=$AC$1,"",Y32*$AC$1/(SUMIFS(CHP_CHPR!$AA$4:$AA$283,CHP_CHPR!$Y$4:$Y$283,CHP_elecEFF!$W32,CHP_CHPR!$Z$4:$Z$283,CHP_elecEFF!$X32)*Y32+Y32))
A33: CAN | B33: EP_Oil-CHP | C33: 0.0023386859 | D33: 0.0014596411 | E33: 0.0013851647 | F33: 0.0013850179 | G33: 0.0010600816 | H33: 0.0016929078 | I33: 0.0025394032 | J33: 0.0038471427 | K33: 0.0051778756 | L33: 0.013530586 | M33: 0.044003182 | N33: 0.073163057 | O33: 0.071571108 | P33: 0.0067964361 | Q33: 0.024174676 | R33: 0.10877011 | S33: 0.072480013 | V33: EFF | W33: CAN | X33: EP_Oil-CHP | Y33: 0.31447651 | Z33: 0 | AA33: =IF(SUMIFS(CHP_CHPR!$AA$4:$AA$283,CHP_CHPR!$Y$4:$Y$283,CHP_elecEFF!$W33,CHP_CHPR!$Z$4:$Z$283,CHP_elecEFF!$X33)*Y33+Y33<=$AC$1,"",Y33*$AC$1/(SUMIFS(CHP_CHPR!$AA$4:$AA$283,CHP_CHPR!$Y$4:$Y$283,CHP_elecEFF!$W33,CHP_CHPR!$Z$4:$Z$283,CHP_elecEFF!$X33)*Y33+Y33))
A34: CAN | B34: EP_Oil_DST-CHP | S34: 0.33 | V34: EFF | W34: CAN | X34: EP_Oil_DST-CHP | Z34: 0 | AA34: =IF(SUMIFS(CHP_CHPR!$AA$4:$AA$283,CHP_CHPR!$Y$4:$Y$283,CHP_elecEFF!$W34,CHP_CHPR!$Z$4:$Z$283,CHP_elecEFF!$X34)*Y34+Y34<=$AC$1,"",Y34*$AC$1/(SUMIFS(CHP_CHPR!$AA$4:$AA$283,CHP_CHPR!$Y$4:$Y$283,CHP_elecEFF!$W34,CHP_CHPR!$Z$4:$Z$283,CHP_elecEFF!$X34)*Y34+Y34))
A35: CAN | B35: EP_Was-CHP | C35: 0 | D35: 0 | E35: 0 | F35: 0 | G35: 0 | H35: 0 | I35: 0 | J35: 0 | K35: 0 | L35: 0 | M35: 0 | N35: 0 | O35: 0 | P35: 0 | Q35: 0 | R35: 0 | S35: 0 | V35: EFF | W35: CAN | X35: EP_Was-CHP | Y35: 0.27605941 | Z35: 0 | AA35: =IF(SUMIFS(CHP_CHPR!$AA$4:$AA$283,CHP_CHPR!$Y$4:$Y$283,CHP_elecEFF!$W35,CHP_CHPR!$Z$4:$Z$283,CHP_elecEFF!$X35)*Y35+Y35<=$AC$1,"",Y35*$AC$1/(SUMIFS(CHP_CHPR!$AA$4:$AA$283,CHP_CHPR!$Y$4:$Y$283,CHP_elecEFF!$W35,CHP_CHPR!$Z$4:$Z$283,CHP_elecEFF!$X35)*Y35+Y35))
A36: CHI | B36: EP_Bio-CHP | S36: 0.33 | V36: EFF | W36: CHI | X36: EP_Bio-CHP | Z36: 0 | AA36: =IF(SUMIFS(CHP_CHPR!$AA$4:$AA$283,CHP_CHPR!$Y$4:$Y$283,CHP_elecEFF!$W36,CHP_CHPR!$Z$4:$Z$283,CHP_elecEFF!$X36)*Y36+Y36<=$AC$1,"",Y36*$AC$1/(SUMIFS(CHP_CHPR!$AA$4:$AA$283,CHP_CHPR!$Y$4:$Y$283,CHP_elecEFF!$W36,CHP_CHPR!$Z$4:$Z$283,CHP_elecEFF!$X36)*Y36+Y36))
A37: CHI | B37: EP_Coa-CHP | F37: 0.0685579 | G37: 0.069783689 | H37: 0.073614181 | I37: 0.07335554 | J37: 0.073123341 | K37: 0.073190339 | L37: 0.072344786 | M37: 0.067065685 | N37: 0.069773553 | O37: 0.073972235 | P37: 0.076447826 | Q37: 0.081861567 | R37: 0.079092097 | S37: 0.075783744 | V37: EFF | W37: CHI | X37: EP_Coa-CHP | Y37: 0.30060905 | Z37: 0 | AA37: =IF(SUMIFS(CHP_CHPR!$AA$4:$AA$283,CHP_CHPR!$Y$4:$Y$283,CHP_elecEFF!$W37,CHP_CHPR!$Z$4:$Z$283,CHP_elecEFF!$X37)*Y37+Y37<=$AC$1,"",Y37*$AC$1/(SUMIFS(CHP_CHPR!$AA$4:$AA$283,CHP_CHPR!$Y$4:$Y$283,CHP_elecEFF!$W37,CHP_CHPR!$Z$4:$Z$283,CHP_elecEFF!$X37)*Y37+Y37))
A38: CHI | B38: EP_CoaG-CHP | S38: 0.33 | V38: EFF | W38: CHI | X38: EP_CoaG-CHP | Z38: 0 | AA38: =IF(SUMIFS(CHP_CHPR!$AA$4:$AA$283,CHP_CHPR!$Y$4:$Y$283,CHP_elecEFF!$W38,CHP_CHPR!$Z$4:$Z$283,CHP_elecEFF!$X38)*Y38+Y38<=$AC$1,"",Y38*$AC$1/(SUMIFS(CHP_CHPR!$AA$4:$AA$283,CHP_CHPR!$Y$4:$Y$283,CHP_elecEFF!$W38,CHP_CHPR!$Z$4:$Z$283,CHP_elecEFF!$X38)*Y38+Y38))
A39: CHI | B39: EP_Gas-CHP | F39: 0.055994832 | G39: 0.056414623 | H39: 0.051754069 | I39: 0.056986944 | J39: 0.051670866 | K39: 0.034285258 | L39: 0.049582721 | M39: 0.051240492 | N39: 0.059245753 | O39: 0.065098119 | P39: 0.064446289 | Q39: 0.063687163 | R39: 0.062145317 | S39: 0.062495257 | V39: EFF | W39: CHI | X39: EP_Gas-CHP | Y39: 0.49302379 | Z39: 0 | AA39: =IF(SUMIFS(CHP_CHPR!$AA$4:$AA$283,CHP_CHPR!$Y$4:$Y$283,CHP_elecEFF!$W39,CHP_CHPR!$Z$4:$Z$283,CHP_elecEFF!$X39)*Y39+Y39<=$AC$1,"",Y39*$AC$1/(SUMIFS(CHP_CHPR!$AA$4:$AA$283,CHP_CHPR!$Y$4:$Y$283,CHP_elecEFF!$W39,CHP_CHPR!$Z$4:$Z$283,CHP_elecEFF!$X39)*Y39+Y39)) -> 0.23418829
A40: CHI | B40: EP_Nuc-CHP | S40: 0.33 | V40: EFF | W40: CHI | X40: EP_Nuc-CHP | Z40: 0 | AA40: =IF(SUMIFS(CHP_CHPR!$AA$4:$AA$283,CHP_CHPR!$Y$4:$Y$283,CHP_elecEFF!$W40,CHP_CHPR!$Z$4:$Z$283,CHP_elecEFF!$X40)*Y40+Y40<=$AC$1,"",Y40*$AC$1/(SUMIFS(CHP_CHPR!$AA$4:$AA$283,CHP_CHPR!$Y$4:$Y$283,CHP_elecEFF!$W40,CHP_CHPR!$Z$4:$Z$283,CHP_elecEFF!$X40)*Y40+Y40))
A41: CHI | B41: EP_Oil-CHP | S41: 0.33 | V41: EFF | W41: CHI | X41: EP_Oil-CHP | Z41: 0 | AA41: =IF(SUMIFS(CHP_CHPR!$AA$4:$AA$283,CHP_CHPR!$Y$4:$Y$283,CHP_elecEFF!$W41,CHP_CHPR!$Z$4:$Z$283,CHP_elecEFF!$X41)*Y41+Y41<=$AC$1,"",Y41*$AC$1/(SUMIFS(CHP_CHPR!$AA$4:$AA$283,CHP_CHPR!$Y$4:$Y$283,CHP_elecEFF!$W41,CHP_CHPR!$Z$4:$Z$283,CHP_elecEFF!$X41)*Y41+Y41))
A42: CHI | B42: EP_Oil_DST-CHP | S42: 0.33 | V42: EFF | W42: CHI | X42: EP_Oil_DST-CHP | Z42: 0 | AA42: =IF(SUMIFS(CHP_CHPR!$AA$4:$AA$283,CHP_CHPR!$Y$4:$Y$283,CHP_elecEFF!$W42,CHP_CHPR!$Z$4:$Z$283,CHP_elecEFF!$X42)*Y42+Y42<=$AC$1,"",Y42*$AC$1/(SUMIFS(CHP_CHPR!$AA$4:$AA$283,CHP_CHPR!$Y$4:$Y$283,CHP_elecEFF!$W42,CHP_CHPR!$Z$4:$Z$283,CHP_elecEFF!$X42)*Y42+Y42))
A43: CHI | B43: EP_Was-CHP | S43: 0.33 | V43: EFF | W43: CHI | X43: EP_Was-CHP | Z43: 0 | AA43: =IF(SUMIFS(CHP_CHPR!$AA$4:$AA$283,CHP_CHPR!$Y$4:$Y$283,CHP_elecEFF!$W43,CHP_CHPR!$Z$4:$Z$283,CHP_elecEFF!$X43)*Y43+Y43<=$AC$1,"",Y43*$AC$1/(SUMIFS(CHP_CHPR!$AA$4:$AA$283,CHP_CHPR!$Y$4:$Y$283,CHP_elecEFF!$W43,CHP_CHPR!$Z$4:$Z$283,CHP_elecEFF!$X43)*Y43+Y43))
A44: CSA | B44: EP_Bio-CHP | C44: 0 | D44: 0 | E44: 0 | F44: 0 | G44: 0 | H44: 0 | I44: 0 | J44: 0 | K44: 0 | L44: 0 | M44: 0 | N44: 0 | O44: 0 | P44: 0 | Q44: 0 | R44: 0 | S44: 0 | V44: EFF | W44: CSA | X44: EP_Bio-CHP | Y44: 0.31975797 | Z44: 0 | AA44: =IF(SUMIFS(CHP_CHPR!$AA$4:$AA$283,CHP_CHPR!$Y$4:$Y$283,CHP_elecEFF!$W44,CHP_CHPR!$Z$4:$Z$283,CHP_elecEFF!$X44)*Y44+Y44<=$AC$1,"",Y44*$AC$1/(SUMIFS(CHP_CHPR!$AA$4:$AA$283,CHP_CHPR!$Y$4:$Y$283,CHP_elecEFF!$W44,CHP_CHPR!$Z$4:$Z$283,CHP_elecEFF!$X44)*Y44+Y44))
A45: CSA | B45: EP_Coa-CHP | S45: 0.33 | V45: EFF | W45: CSA | X45: EP_Coa-CHP | Z45: 0 | AA45: =IF(SUMIFS(CHP_CHPR!$AA$4:$AA$283,CHP_CHPR!$Y$4:$Y$283,CHP_elecEFF!$W45,CHP_CHPR!$Z$4:$Z$283,CHP_elecEFF!$X45)*Y45+Y45<=$AC$1,"",Y45*$AC$1/(SUMIFS(CHP_CHPR!$AA$4:$AA$283,CHP_CHPR!$Y$4:$Y$283,CHP_elecEFF!$W45,CHP_CHPR!$Z$4:$Z$283,CHP_elecEFF!$X45)*Y45+Y45))
A46: CSA | B46: EP_Gas-CHP | S46: 0.33 | V46: EFF | W46: CSA | X46: EP_Gas-CHP | Z46: 0 | AA46: =IF(SUMIFS(CHP_CHPR!$AA$4:$AA$283,CHP_CHPR!$Y$4:$Y$283,CHP_elecEFF!$W46,CHP_CHPR!$Z$4:$Z$283,CHP_elecEFF!$X46)*Y46+Y46<=$AC$1,"",Y46*$AC$1/(SUMIFS(CHP_CHPR!$AA$4:$AA$283,CHP_CHPR!$Y$4:$Y$283,CHP_elecEFF!$W46,CHP_CHPR!$Z$4:$Z$283,CHP_elecEFF!$X46)*Y46+Y46))
A47: CSA | B47: EP_Oil-CHP | S47: 0.33 | V47: EFF | W47: CSA | X47: EP_Oil-CHP | Z47: 0 | AA47: =IF(SUMIFS(CHP_CHPR!$AA$4:$AA$283,CHP_CHPR!$Y$4:$Y$283,CHP_elecEFF!$W47,CHP_CHPR!$Z$4:$Z$283,CHP_elecEFF!$X47)*Y47+Y47<=$AC$1,"",Y47*$AC$1/(SUMIFS(CHP_CHPR!$AA$4:$AA$283,CHP_CHPR!$Y$4:$Y$283,CHP_elecEFF!$W47,CHP_CHPR!$Z$4:$Z$283,CHP_elecEFF!$X47)*Y47+Y47))
A48: CSA | B48: EP_Oil_CRD-CHP | S48: 0.33 | V48: EFF | W48: CSA | X48: EP_Oil_CRD-CHP | Z48: 0 | AA48: =IF(SUMIFS(CHP_CHPR!$AA$4:$AA$283,CHP_CHPR!$Y$4:$Y$283,CHP_elecEFF!$W48,CHP_CHPR!$Z$4:$Z$283,CHP_elecEFF!$X48)*Y48+Y48<=$AC$1,"",Y48*$AC$1/(SUMIFS(CHP_CHPR!$AA$4:$AA$283,CHP_CHPR!$Y$4:$Y$283,CHP_elecEFF!$W48,CHP_CHPR!$Z$4:$Z$283,CHP_elecEFF!$X48)*Y48+Y48))
A49: CSA | B49: EP_Oil_DST-CHP | S49: 0.33 | V49: EFF | W49: CSA | X49: EP_Oil_DST-CHP | Z49: 0 | AA49: =IF(SUMIFS(CHP_CHPR!$AA$4:$AA$283,CHP_CHPR!$Y$4:$Y$283,CHP_elecEFF!$W49,CHP_CHPR!$Z$4:$Z$283,CHP_elecEFF!$X49)*Y49+Y49<=$AC$1,"",Y49*$AC$1/(SUMIFS(CHP_CHPR!$AA$4:$AA$283,CHP_CHPR!$Y$4:$Y$283,CHP_elecEFF!$W49,CHP_CHPR!$Z$4:$Z$283,CHP_elecEFF!$X49)*Y49+Y49))
A50: EUR | B50: EP_Bio-CHP | C50: 0 | D50: 0 | E50: 0 | F50: 0 | G50: 0 | H50: 0 | I50: 0 | J50: 0 | K50: 0 | L50: 0 | M50: 0 | N50: 0 | O50: 0 | P50: 0 | Q50: 0 | R50: 0 | S50: 0 | V50: EFF | W50: EUR | X50: EP_Bio-CHP | Y50: 0.31311567 | Z50: 0 | AA50: =IF(SUMIFS(CHP_CHPR!$AA$4:$AA$283,CHP_CHPR!$Y$4:$Y$283,CHP_elecEFF!$W50,CHP_CHPR!$Z$4:$Z$283,CHP_elecEFF!$X50)*Y50+Y50<=$AC$1,"",Y50*$AC$1/(SUMIFS(CHP_CHPR!$AA$4:$AA$283,CHP_CHPR!$Y$4:$Y$283,CHP_elecEFF!$W50,CHP_CHPR!$Z$4:$Z$283,CHP_elecEFF!$X50)*Y50+Y50))
A51: EUR | B51: EP_Coa-CHP | C51: 0.092614434 | D51: 0.096524111 | E51: 0.094040824 | F51: 0.093312721 | G51: 0.095900705 | H51: 0.094800343 | I51: 0.093730701 | J51: 0.092044259 | K51: 0.093931388 | L51: 0.093799457 | M51: 0.09207306 | N51: 0.091310895 | O51: 0.09053602 | P51: 0.093541199 | Q51: 0.094580667 | R51: 0.092856255 | S51: 0.092446896 | V51: EFF | W51: EUR | X51: EP_Coa-CHP | Y51: 0.31431569 | Z51: 0 | AA51: =IF(SUMIFS(CHP_CHPR!$AA$4:$AA$283,CHP_CHPR!$Y$4:$Y$283,CHP_elecEFF!$W51,CHP_CHPR!$Z$4:$Z$283,CHP_elecEFF!$X51)*Y51+Y51<=$AC$1,"",Y51*$AC$1/(SUMIFS(CHP_CHPR!$AA$4:$AA$283,CHP_CHPR!$Y$4:$Y$283,CHP_elecEFF!$W51,CHP_CHPR!$Z$4:$Z$283,CHP_elecEFF!$X51)*Y51+Y51))
A52: EUR | B52: EP_Gas-CHP | C52: 0.13636924 | D52: 0.14498511 | E52: 0.14972042 | F52: 0.15538406 | G52: 0.1530186 | H52: 0.15762369 | I52: 0.15960393 | J52: 0.15413463 | K52: 0.16033913 | L52: 0.1675327 | M52: 0.16745567 | N52: 0.18024953 | O52: 0.18326587 | P52: 0.1851983 | Q52: 0.18205286 | R52: 0.18722332 | S52: 0.20079986 | V52: EFF | W52: EUR | X52: EP_Gas-CHP | Y52: 0.38129708 | Z52: 0 | AA52: =IF(SUMIFS(CHP_CHPR!$AA$4:$AA$283,CHP_CHPR!$Y$4:$Y$283,CHP_elecEFF!$W52,CHP_CHPR!$Z$4:$Z$283,CHP_elecEFF!$X52)*Y52+Y52<=$AC$1,"",Y52*$AC$1/(SUMIFS(CHP_CHPR!$AA$4:$AA$283,CHP_CHPR!$Y$4:$Y$283,CHP_elecEFF!$W52,CHP_CHPR!$Z$4:$Z$283,CHP_elecEFF!$X52)*Y52+Y52))
A53: EUR | B53: EP_Geo-CHP | C53: 0 | D53: 0 | E53: 0 | F53: 0 | G53: 0 | H53: 0 | I53: 0 | J53: 0 | K53: 0 | L53: 0 | M53: 0 | N53: 0 | O53: 0 | P53: 0 | Q53: 0 | R53: 0 | S53: 0 | V53: EFF | W53: EUR | X53: EP_Geo-CHP | Y53: 0.3309548 | Z53: 0 | AA53: =IF(SUMIFS(CHP_CHPR!$AA$4:$AA$283,CHP_CHPR!$Y$4:$Y$283,CHP_elecEFF!$W53,CHP_CHPR!$Z$4:$Z$283,CHP_elecEFF!$X53)*Y53+Y53<=$AC$1,"",Y53*$AC$1/(SUMIFS(CHP_CHPR!$AA$4:$AA$283,CHP_CHPR!$Y$4:$Y$283,CHP_elecEFF!$W53,CHP_CHPR!$Z$4:$Z$283,CHP_elecEFF!$X53)*Y53+Y53))
A54: EUR | B54: EP_Nuc-CHP | C54: 0.094583397 | D54: 0.095042514 | E54: 0.095620249 | F54: 0.095809613 | G54: 0.095788421 | H54: 0.095948329 | I54: 0.095954961 | J54: 0.095769319 | K54: 0.095535333 | L54: 0.095946803 | M54: 0.09617537 | N54: 0.096268231 | O54: 0.096254359 | P54: 0.096491047 | Q54: 0.096463216 | R54: 0.094044564 | S54: 0.094051755 | V54: EFF | W54: EUR | X54: EP_Nuc-CHP | Y54: 0.33 | Z54: 0 | AA54: =IF(SUMIFS(CHP_CHPR!$AA$4:$AA$283,CHP_CHPR!$Y$4:$Y$283,CHP_elecEFF!$W54,CHP_CHPR!$Z$4:$Z$283,CHP_elecEFF!$X54)*Y54+Y54<=$AC$1,"",Y54*$AC$1/(SUMIFS(CHP_CHPR!$AA$4:$AA$283,CHP_CHPR!$Y$4:$Y$283,CHP_elecEFF!$W54,CHP_CHPR!$Z$4:$Z$283,CHP_elecEFF!$X54)*Y54+Y54))
A55: EUR | B55: EP_Oil-CHP | C55: 0.24572456 | D55: 0.1695718 | E55: 0.61967778 | F55: 0.75918896 | G55: 0.69323037 | H55: 0.99146911 | I55: 0.99089844 | J55: 0.66117239 | K55: 0.71007762 | L55: 0.89117855 | M55: 0.9386003 | N55: 0.90122012 | O55: 1.2069724 | P55: 0.89200264 | Q55: 0.82301547 | R55: 0.81738959 | S55: 1.7912687 | V55: EFF | W55: EUR | X55: EP_Oil-CHP | Y55: 0.27304849 | Z55: 0 | AA55: =IF(SUMIFS(CHP_CHPR!$AA$4:$AA$283,CHP_CHPR!$Y$4:$Y$283,CHP_elecEFF!$W55,CHP_CHPR!$Z$4:$Z$283,CHP_elecEFF!$X55)*Y55+Y55<=$AC$1,"",Y55*$AC$1/(SUMIFS(CHP_CHPR!$AA$4:$AA$283,CHP_CHPR!$Y$4:$Y$283,CHP_elecEFF!$W55,CHP_CHPR!$Z$4:$Z$283,CHP_elecEFF!$X55)*Y55+Y55))
A56: EUR | B56: EP_Oil_CRD-CHP | C56: 0 | D56: 0 | E56: 0 | F56: 0 | G56: 0 | H56: 0 | I56: 0 | J56: 0 | K56: 0 | L56: 0 | M56: 0 | N56: 0 | O56: 0 | P56: 0 | Q56: 0 | R56: 0 | S56: 0 | V56: EFF | W56: EUR | X56: EP_Oil_CRD-CHP | Y56: 0.23 | Z56: 0 | AA56: =IF(SUMIFS(CHP_CHPR!$AA$4:$AA$283,CHP_CHPR!$Y$4:$Y$283,CHP_elecEFF!$W56,CHP_CHPR!$Z$4:$Z$283,CHP_elecEFF!$X56)*Y56+Y56<=$AC$1,"",Y56*$AC$1/(SUMIFS(CHP_CHPR!$AA$4:$AA$283,CHP_CHPR!$Y$4:$Y$283,CHP_elecEFF!$W56,CHP_CHPR!$Z$4:$Z$283,CHP_elecEFF!$X56)*Y56+Y56))
A57: EUR | B57: EP_Oil_DST-CHP | C57: 0.14499193 | D57: 0.19916351 | E57: 0.16298303 | F57: 0.1434738 | G57: 0.5442104 | H57: 0.29861242 | I57: 0.15859774 | J57: 0.14198519 | K57: 0.1278082 | L57: 0.1424195 | M57: 0.12443222 | N57: 0.13558438 | O57: 0.15883829 | P57: 0.15339117 | Q57: 0.1346727 | R57: 0.14657081 | S57: 0.12326577 | V57: EFF | W57: EUR | X57: EP_Oil_DST-CHP | Y57: 0.23525847 | Z57: 0 | AA57: =IF(SUMIFS(CHP_CHPR!$AA$4:$AA$283,CHP_CHPR!$Y$4:$Y$283,CHP_elecEFF!$W57,CHP_CHPR!$Z$4:$Z$283,CHP_elecEFF!$X57)*Y57+Y57<=$AC$1,"",Y57*$AC$1/(SUMIFS(CHP_CHPR!$AA$4:$AA$283,CHP_CHPR!$Y$4:$Y$283,CHP_elecEFF!$W57,CHP_CHPR!$Z$4:$Z$283,CHP_elecEFF!$X57)*Y57+Y57))
A58: EUR | B58: EP_Was-CHP | C58: 0 | D58: 0 | E58: 0 | F58: 0 | G58: 0 | H58: 0 | I58: 0 | J58: 0 | K58: 0 | L58: 0 | M58: 0 | N58: 0 | O58: 0 | P58: 0 | Q58: 0 | R58: 0 | S58: 0 | V58: EFF | W58: EUR | X58: EP_Was-CHP | Y58: 0.31056809 | Z58: 0 | AA58: =IF(SUMIFS(CHP_CHPR!$AA$4:$AA$283,CHP_CHPR!$Y$4:$Y$283,CHP_elecEFF!$W58,CHP_CHPR!$Z$4:$Z$283,CHP_elecEFF!$X58)*Y58+Y58<=$AC$1,"",Y58*$AC$1/(SUMIFS(CHP_CHPR!$AA$4:$AA$283,CHP_CHPR!$Y$4:$Y$283,CHP_elecEFF!$W58,CHP_CHPR!$Z$4:$Z$283,CHP_elecEFF!$X58)*Y58+Y58))
A59: IND | B59: EP_Bio-CHP | S59: 0.33 | V59: EFF | W59: IND | X59: EP_Bio-CHP | Z59: 0 | AA59: =IF(SUMIFS(CHP_CHPR!$AA$4:$AA$283,CHP_CHPR!$Y$4:$Y$283,CHP_elecEFF!$W59,CHP_CHPR!$Z$4:$Z$283,CHP_elecEFF!$X59)*Y59+Y59<=$AC$1,"",Y59*$AC$1/(SUMIFS(CHP_CHPR!$AA$4:$AA$283,CHP_CHPR!$Y$4:$Y$283,CHP_elecEFF!$W59,CHP_CHPR!$Z$4:$Z$283,CHP_elecEFF!$X59)*Y59+Y59))
A60: IND | B60: EP_Coa-CHP | S60: 0.33 | V60: EFF | W60: IND | X60: EP_Coa-CHP | Z60: 0 | AA60: =IF(SUMIFS(CHP_CHPR!$AA$4:$AA$283,CHP_CHPR!$Y$4:$Y$283,CHP_elecEFF!$W60,CHP_CHPR!$Z$4:$Z$283,CHP_elecEFF!$X60)*Y60+Y60<=$AC$1,"",Y60*$AC$1/(SUMIFS(CHP_CHPR!$AA$4:$AA$283,CHP_CHPR!$Y$4:$Y$283,CHP_elecEFF!$W60,CHP_CHPR!$Z$4:$Z$283,CHP_elecEFF!$X60)*Y60+Y60))
A61: IND | B61: EP_Gas-CHP | S61: 0.33 | V61: EFF | W61: IND | X61: EP_Gas-CHP | Z61: 0 | AA61: =IF(SUMIFS(CHP_CHPR!$AA$4:$AA$283,CHP_CHPR!$Y$4:$Y$283,CHP_elecEFF!$W61,CHP_CHPR!$Z$4:$Z$283,CHP_elecEFF!$X61)*Y61+Y61<=$AC$1,"",Y61*$AC$1/(SUMIFS(CHP_CHPR!$AA$4:$AA$283,CHP_CHPR!$Y$4:$Y$283,CHP_elecEFF!$W61,CHP_CHPR!$Z$4:$Z$283,CHP_elecEFF!$X61)*Y61+Y61))
A62: IND | B62: EP_Oil-CHP | S62: 0.33 | V62: EFF | W62: IND | X62: EP_Oil-CHP | Z62: 0 | AA62: =IF(SUMIFS(CHP_CHPR!$AA$4:$AA$283,CHP_CHPR!$Y$4:$Y$283,CHP_elecEFF!$W62,CHP_CHPR!$Z$4:$Z$283,CHP_elecEFF!$X62)*Y62+Y62<=$AC$1,"",Y62*$AC$1/(SUMIFS(CHP_CHPR!$AA$4:$AA$283,CHP_CHPR!$Y$4:$Y$283,CHP_elecEFF!$W62,CHP_CHPR!$Z$4:$Z$283,CHP_elecEFF!$X62)*Y62+Y62))
A63: IND | B63: EP_Oil_DST-CHP | S63: 0.33 | V63: EFF | W63: IND | X63: EP_Oil_DST-CHP | Z63: 0 | AA63: =IF(SUMIFS(CHP_CHPR!$AA$4:$AA$283,CHP_CHPR!$Y$4:$Y$283,CHP_elecEFF!$W63,CHP_CHPR!$Z$4:$Z$283,CHP_elecEFF!$X63)*Y63+Y63<=$AC$1,"",Y63*$AC$1/(SUMIFS(CHP_CHPR!$AA$4:$AA$283,CHP_CHPR!$Y$4:$Y$283,CHP_elecEFF!$W63,CHP_CHPR!$Z$4:$Z$283,CHP_elecEFF!$X63)*Y63+Y63))
A64: IND | B64: EP_Sol-CHP | S64: 0.33 | V64: EFF | W64: IND | X64: EP_Sol-CHP | Z64: 0 | AA64: =IF(SUMIFS(CHP_CHPR!$AA$4:$AA$283,CHP_CHPR!$Y$4:$Y$283,CHP_elecEFF!$W64,CHP_CHPR!$Z$4:$Z$283,CHP_elecEFF!$X64)*Y64+Y64<=$AC$1,"",Y64*$AC$1/(SUMIFS(CHP_CHPR!$AA$4:$AA$283,CHP_CHPR!$Y$4:$Y$283,CHP_elecEFF!$W64,CHP_CHPR!$Z$4:$Z$283,CHP_elecEFF!$X64)*Y64+Y64))
A65: IND | B65: EP_Was-CHP | S65: 0.33 | V65: EFF | W65: IND | X65: EP_Was-CHP | Z65: 0 | AA65: =IF(SUMIFS(CHP_CHPR!$AA$4:$AA$283,CHP_CHPR!$Y$4:$Y$283,CHP_elecEFF!$W65,CHP_CHPR!$Z$4:$Z$283,CHP_elecEFF!$X65)*Y65+Y65<=$AC$1,"",Y65*$AC$1/(SUMIFS(CHP_CHPR!$AA$4:$AA$283,CHP_CHPR!$Y$4:$Y$283,CHP_elecEFF!$W65,CHP_CHPR!$Z$4:$Z$283,CHP_elecEFF!$X65)*Y65+Y65))
A66: JPN | B66: EP_Bio-CHP | S66: 0.33 | V66: EFF | W66: JPN | X66: EP_Bio-CHP | Z66: 0 | AA66: =IF(SUMIFS(CHP_CHPR!$AA$4:$AA$283,CHP_CHPR!$Y$4:$Y$283,CHP_elecEFF!$W66,CHP_CHPR!$Z$4:$Z$283,CHP_elecEFF!$X66)*Y66+Y66<=$AC$1,"",Y66*$AC$1/(SUMIFS(CHP_CHPR!$AA$4:$AA$283,CHP_CHPR!$Y$4:$Y$283,CHP_elecEFF!$W66,CHP_CHPR!$Z$4:$Z$283,CHP_elecEFF!$X66)*Y66+Y66))
A67: JPN | B67: EP_Coa-CHP | S67: 0.33 | V67: EFF | W67: JPN | X67: EP_Coa-CHP | Z67: 0 | AA67: =IF(SUMIFS(CHP_CHPR!$AA$4:$AA$283,CHP_CHPR!$Y$4:$Y$283,CHP_elecEFF!$W67,CHP_CHPR!$Z$4:$Z$283,CHP_elecEFF!$X67)*Y67+Y67<=$AC$1,"",Y67*$AC$1/(SUMIFS(CHP_CHPR!$AA$4:$AA$283,CHP_CHPR!$Y$4:$Y$283,CHP_elecEFF!$W67,CHP_CHPR!$Z$4:$Z$283,CHP_elecEFF!$X67)*Y67+Y67))
A68: JPN | B68: EP_CoaG-CHP | S68: 0.33 | V68: EFF | W68: JPN | X68: EP_CoaG-CHP | Z68: 0 | AA68: =IF(SUMIFS(CHP_CHPR!$AA$4:$AA$283,CHP_CHPR!$Y$4:$Y$283,CHP_elecEFF!$W68,CHP_CHPR!$Z$4:$Z$283,CHP_elecEFF!$X68)*Y68+Y68<=$AC$1,"",Y68*$AC$1/(SUMIFS(CHP_CHPR!$AA$4:$AA$283,CHP_CHPR!$Y$4:$Y$283,CHP_elecEFF!$W68,CHP_CHPR!$Z$4:$Z$283,CHP_elecEFF!$X68)*Y68+Y68))
A69: JPN | B69: EP_Gas-CHP | S69: 0.33 | V69: EFF | W69: JPN | X69: EP_Gas-CHP | Z69: 0 | AA69: =IF(SUMIFS(CHP_CHPR!$AA$4:$AA$283,CHP_CHPR!$Y$4:$Y$283,CHP_elecEFF!$W69,CHP_CHPR!$Z$4:$Z$283,CHP_elecEFF!$X69)*Y69+Y69<=$AC$1,"",Y69*$AC$1/(SUMIFS(CHP_CHPR!$AA$4:$AA$283,CHP_CHPR!$Y$4:$Y$283,CHP_elecEFF!$W69,CHP_CHPR!$Z$4:$Z$283,CHP_elecEFF!$X69)*Y69+Y69))
A70: JPN | B70: EP_Geo-CHP | S70: 0.33 | V70: EFF | W70: JPN | X70: EP_Geo-CHP | Z70: 0 | AA70: =IF(SUMIFS(CHP_CHPR!$AA$4:$AA$283,CHP_CHPR!$Y$4:$Y$283,CHP_elecEFF!$W70,CHP_CHPR!$Z$4:$Z$283,CHP_elecEFF!$X70)*Y70+Y70<=$AC$1,"",Y70*$AC$1/(SUMIFS(CHP_CHPR!$AA$4:$AA$283,CHP_CHPR!$Y$4:$Y$283,CHP_elecEFF!$W70,CHP_CHPR!$Z$4:$Z$283,CHP_elecEFF!$X70)*Y70+Y70))
... A80: MID | B80: EP_Was-CHP | S80: 0.33 | V80: EFF | W80: MID | X80: EP_Was-CHP | Z80: 0 | AA80: =IF(SUMIFS(CHP_CHPR!$AA$4:$AA$283,CHP_CHPR!$Y$4:$Y$283,CHP_elecEFF!$W80,CHP_CHPR!$Z$4:$Z$283,CHP_elecEFF!$X80)*Y80+Y80<=$AC$1,"",Y80*$AC$1/(SUMIFS(CHP_CHPR!$AA$4:$AA$283,CHP_CHPR!$Y$4:$Y$283,CHP_elecEFF!$W80,CHP_CHPR!$Z$4:$Z$283,CHP_elecEFF!$X80)*Y80+Y80))
A81: MXC | B81: EP_Bio-CHP | C81: 0 | D81: 0 | E81: 0 | F81: 0 | G81: 0 | H81: 0 | I81: 0 | J81: 0 | K81: 0 | L81: 0 | M81: 0 | N81: 0 | O81: 0 | P81: 0 | Q81: 0 | R81: 0 | S81: 0 | V81: EFF | W81: MXC | X81: EP_Bio-CHP | Y81: 0.30053651 | Z81: 0 | AA81: =IF(SUMIFS(CHP_CHPR!$AA$4:$AA$283,CHP_CHPR!$Y$4:$Y$283,CHP_elecEFF!$W81,CHP_CHPR!$Z$4:$Z$283,CHP_elecEFF!$X81)*Y81+Y81<=$AC$1,"",Y81*$AC$1/(SUMIFS(CHP_CHPR!$AA$4:$AA$283,CHP_CHPR!$Y$4:$Y$283,CHP_elecEFF!$W81,CHP_CHPR!$Z$4:$Z$283,CHP_elecEFF!$X81)*Y81+Y81))
A82: MXC | B82: EP_Coa-CHP | S82: 0.33 | V82: EFF | W82: MXC | X82: EP_Coa-CHP | Z82: 0 | AA82: =IF(SUMIFS(CHP_CHPR!$AA$4:$AA$283,CHP_CHPR!$Y$4:$Y$283,CHP_elecEFF!$W82,CHP_CHPR!$Z$4:$Z$283,CHP_elecEFF!$X82)*Y82+Y82<=$AC$1,"",Y82*$AC$1/(SUMIFS(CHP_CHPR!$AA$4:$AA$283,CHP_CHPR!$Y$4:$Y$283,CHP_elecEFF!$W82,CHP_CHPR!$Z$4:$Z$283,CHP_elecEFF!$X82)*Y82+Y82))
A83: MXC | B83: EP_Gas-CHP | C83: 0 | D83: 0 | E83: 0 | F83: 0 | G83: 0 | H83: 0 | I83: 0 | J83: 0 | K83: 0 | L83: 0 | M83: 0 | N83: 0 | O83: 0 | P83: 0 | Q83: 0 | R83: 0 | S83: 0 | V83: EFF | W83: MXC | X83: EP_Gas-CHP | Y83: 0.35778706 | Z83: 0 | AA83: =IF(SUMIFS(CHP_CHPR!$AA$4:$AA$283,CHP_CHPR!$Y$4:$Y$283,CHP_elecEFF!$W83,CHP_CHPR!$Z$4:$Z$283,CHP_elecEFF!$X83)*Y83+Y83<=$AC$1,"",Y83*$AC$1/(SUMIFS(CHP_CHPR!$AA$4:$AA$283,CHP_CHPR!$Y$4:$Y$283,CHP_elecEFF!$W83,CHP_CHPR!$Z$4:$Z$283,CHP_elecEFF!$X83)*Y83+Y83))
A84: MXC | B84: EP_Oil-CHP | C84: 0 | D84: 0 | E84: 0 | F84: 0 | G84: 0 | H84: 0 | I84: 0 | J84: 0 | K84: 0 | L84: 0 | M84: 0 | N84: 0 | O84: 0 | P84: 0 | Q84: 0 | R84: 0 | S84: 0 | V84: EFF | W84: MXC | X84: EP_Oil-CHP | Y84: 0.27146056 | Z84: 0 | AA84: =IF(SUMIFS(CHP_CHPR!$AA$4:$AA$283,CHP_CHPR!$Y$4:$Y$283,CHP_elecEFF!$W84,CHP_CHPR!$Z$4:$Z$283,CHP_elecEFF!$X84)*Y84+Y84<=$AC$1,"",Y84*$AC$1/(SUMIFS(CHP_CHPR!$AA$4:$AA$283,CHP_CHPR!$Y$4:$Y$283,CHP_elecEFF!$W84,CHP_CHPR!$Z$4:$Z$283,CHP_elecEFF!$X84)*Y84+Y84))
A85: MXC | B85: EP_Oil_DST-CHP | C85: 0 | D85: 0 | E85: 0 | F85: 0 | G85: 0 | H85: 0 | I85: 0 | J85: 0 | K85: 0 | L85: 0 | M85: 0 | N85: 0 | O85: 0 | P85: 0 | Q85: 0 | R85: 0 | S85: 0 | V85: EFF | W85: MXC | X85: EP_Oil_DST-CHP | Y85: 0.23818471 | Z85: 0 | AA85: =IF(SUMIFS(CHP_CHPR!$AA$4:$AA$283,CHP_CHPR!$Y$4:$Y$283,CHP_elecEFF!$W85,CHP_CHPR!$Z$4:$Z$283,CHP_elecEFF!$X85)*Y85+Y85<=$AC$1,"",Y85*$AC$1/(SUMIFS(CHP_CHPR!$AA$4:$AA$283,CHP_CHPR!$Y$4:$Y$283,CHP_elecEFF!$W85,CHP_CHPR!$Z$4:$Z$283,CHP_elecEFF!$X85)*Y85+Y85))
A86: MXC | B86: EP_Was-CHP | I86: 0 | J86: 0 | K86: 0 | L86: 0 | M86: 0 | N86: 0 | O86: 0 | P86: 0 | Q86: 0 | R86: 0 | S86: 0 | V86: EFF | W86: MXC | X86: EP_Was-CHP | Y86: 0.2731 | Z86: 0 | AA86: =IF(SUMIFS(CHP_CHPR!$AA$4:$AA$283,CHP_CHPR!$Y$4:$Y$283,CHP_elecEFF!$W86,CHP_CHPR!$Z$4:$Z$283,CHP_elecEFF!$X86)*Y86+Y86<=$AC$1,"",Y86*$AC$1/(SUMIFS(CHP_CHPR!$AA$4:$AA$283,CHP_CHPR!$Y$4:$Y$283,CHP_elecEFF!$W86,CHP_CHPR!$Z$4:$Z$283,CHP_elecEFF!$X86)*Y86+Y86))
A87: OAS | B87: EP_Bio-CHP | F87: 0 | G87: 0 | H87: 0 | I87: 0 | J87: 0 | K87: 0 | L87: 0 | M87: 0 | N87: 0 | O87: 0 | P87: 0 | Q87: 0 | R87: 0 | S87: 0 | V87: EFF | W87: OAS | X87: EP_Bio-CHP | Y87: 0.31675175 | Z87: 0 | AA87: =IF(SUMIFS(CHP_CHPR!$AA$4:$AA$283,CHP_CHPR!$Y$4:$Y$283,CHP_elecEFF!$W87,CHP_CHPR!$Z$4:$Z$283,CHP_elecEFF!$X87)*Y87+Y87<=$AC$1,"",Y87*$AC$1/(SUMIFS(CHP_CHPR!$AA$4:$AA$283,CHP_CHPR!$Y$4:$Y$283,CHP_elecEFF!$W87,CHP_CHPR!$Z$4:$Z$283,CHP_elecEFF!$X87)*Y87+Y87))
A88: OAS | B88: EP_Coa-CHP | C88: 0.38534501 | D88: 0.48158532 | E88: 0.44266458 | F88: 0.34553885 | G88: 0.37933652 | H88: 0.38241717 | I88: 0.34351688 | J88: 0.3272974 | K88: 0.32330485 | L88: 0.32615786 | M88: 0.28311802 | N88: 0.27881511 | O88: 0.2793432 | P88: 0.25909382 | Q88: 0.2439679 | R88: 0.22926009 | S88: 0.25718553 | V88: EFF | W88: OAS | X88: EP_Coa-CHP | Y88: 0.2987246 | Z88: 0 | AA88: =IF(SUMIFS(CHP_CHPR!$AA$4:$AA$283,CHP_CHPR!$Y$4:$Y$283,CHP_elecEFF!$W88,CHP_CHPR!$Z$4:$Z$283,CHP_elecEFF!$X88)*Y88+Y88<=$AC$1,"",Y88*$AC$1/(SUMIFS(CHP_CHPR!$AA$4:$AA$283,CHP_CHPR!$Y$4:$Y$283,CHP_elecEFF!$W88,CHP_CHPR!$Z$4:$Z$283,CHP_elecEFF!$X88)*Y88+Y88))
A89: OAS | B89: EP_Gas-CHP | C89: 0.27622731 | D89: 0.38692186 | E89: 0.45934266 | F89: 0 | G89: 0 | H89: 0 | I89: 0 | J89: 0 | K89: 0 | L89: 0 | M89: 0 | N89: 0 | O89: 0 | P89: 0 | Q89: 0 | R89: 0 | S89: 0 | V89: EFF | W89: OAS | X89: EP_Gas-CHP | Y89: 0.40816332 | Z89: 0 | AA89: =IF(SUMIFS(CHP_CHPR!$AA$4:$AA$283,CHP_CHPR!$Y$4:$Y$283,CHP_elecEFF!$W89,CHP_CHPR!$Z$4:$Z$283,CHP_elecEFF!$X89)*Y89+Y89<=$AC$1,"",Y89*$AC$1/(SUMIFS(CHP_CHPR!$AA$4:$AA$283,CHP_CHPR!$Y$4:$Y$283,CHP_elecEFF!$W89,CHP_CHPR!$Z$4:$Z$283,CHP_elecEFF!$X89)*Y89+Y89))
A90: OAS | B90: EP_Oil-CHP | C90: 2.4939166 | D90: 2.6929383 | E90: 3.0244752 | F90: 5.1865733 | G90: 5.7764742 | H90: 6.7605367 | I90: 11.048679 | J90: 4.2281036 | K90: 4.5348466 | L90: 3.75292 | M90: 7.1683573 | N90: 4.8389035 | O90: 5.2876584 | P90: 4.8491652 | Q90: 5.2764533 | R90: 1.5107481 | S90: 2.1100379 | V90: EFF | W90: OAS | X90: EP_Oil-CHP | Y90: 0.28005954 | Z90: 0 | AA90: =IF(SUMIFS(CHP_CHPR!$AA$4:$AA$283,CHP_CHPR!$Y$4:$Y$283,CHP_elecEFF!$W90,CHP_CHPR!$Z$4:$Z$283,CHP_elecEFF!$X90)*Y90+Y90<=$AC$1,"",Y90*$AC$1/(SUMIFS(CHP_CHPR!$AA$4:$AA$283,CHP_CHPR!$Y$4:$Y$283,CHP_elecEFF!$W90,CHP_CHPR!$Z$4:$Z$283,CHP_elecEFF!$X90)*Y90+Y90))
A91: OAS | B91: EP_Oil_DST-CHP | F91: 0 | G91: 0 | H91: 0 | I91: 0 | J91: 0 | K91: 0 | L91: 0 | M91: 0 | N91: 0 | O91: 0 | P91: 0 | Q91: 0 | R91: 0 | S91: 0 | V91: EFF | W91: OAS | X91: EP_Oil_DST-CHP | Y91: 0.24006625 | Z91: 0 | AA91: =IF(SUMIFS(CHP_CHPR!$AA$4:$AA$283,CHP_CHPR!$Y$4:$Y$283,CHP_elecEFF!$W91,CHP_CHPR!$Z$4:$Z$283,CHP_elecEFF!$X91)*Y91+Y91<=$AC$1,"",Y91*$AC$1/(SUMIFS(CHP_CHPR!$AA$4:$AA$283,CHP_CHPR!$Y$4:$Y$283,CHP_elecEFF!$W91,CHP_CHPR!$Z$4:$Z$283,CHP_elecEFF!$X91)*Y91+Y91))
A92: OAS | B92: EP_Was-CHP | F92: 0 | G92: 0 | H92: 0 | I92: 0 | J92: 0 | K92: 0 | L92: 0 | M92: 0 | N92: 0 | O92: 0 | P92: 0 | Q92: 0 | R92: 0 | S92: 0 | V92: EFF | W92: OAS | X92: EP_Was-CHP | Y92: 0.33062069 | Z92: 0 | AA92: =IF(SUMIFS(CHP_CHPR!$AA$4:$AA$283,CHP_CHPR!$Y$4:$Y$283,CHP_elecEFF!$W92,CHP_CHPR!$Z$4:$Z$283,CHP_elecEFF!$X92)*Y92+Y92<=$AC$1,"",Y92*$AC$1/(SUMIFS(CHP_CHPR!$AA$4:$AA$283,CHP_CHPR!$Y$4:$Y$283,CHP_elecEFF!$W92,CHP_CHPR!$Z$4:$Z$283,CHP_elecEFF!$X92)*Y92+Y92))
A93: RUS | B93: EP_Bio-CHP | C93: 0 | D93: 0 | E93: 0 | F93: 0 | G93: 0 | H93: 0 | I93: 0 | J93: 0 | K93: 0 | L93: 0 | M93: 0 | N93: 0 | O93: 0 | P93: 0 | Q93: 0 | R93: 0 | S93: 0 | V93: EFF | W93: RUS | X93: EP_Bio-CHP | Y93: 0.31640118 | Z93: 0 | AA93: =IF(SUMIFS(CHP_CHPR!$AA$4:$AA$283,CHP_CHPR!$Y$4:$Y$283,CHP_elecEFF!$W93,CHP_CHPR!$Z$4:$Z$283,CHP_elecEFF!$X93)*Y93+Y93<=$AC$1,"",Y93*$AC$1/(SUMIFS(CHP_CHPR!$AA$4:$AA$283,CHP_CHPR!$Y$4:$Y$283,CHP_elecEFF!$W93,CHP_CHPR!$Z$4:$Z$283,CHP_elecEFF!$X93)*Y93+Y93))
A94: RUS | B94: EP_Coa-CHP | C94: 0.065179722 | D94: 0.064757867 | E94: 0.066462397 | F94: 0.0667101 | G94: 0.069350606 | H94: 0.070868447 | I94: 0.070924637 | J94: 0.074881325 | K94: 0.071910825 | L94: 0.069736588 | M94: 0.06945665 | N94: 0.073639524 | O94: 0.079555195 | P94: 0.072408636 | Q94: 0.084211228 | R94: 0.083661793 | S94: 0.080132885 | V94: EFF | W94: RUS | X94: EP_Coa-CHP | Y94: 0.30179561 | Z94: 0 | AA94: =IF(SUMIFS(CHP_CHPR!$AA$4:$AA$283,CHP_CHPR!$Y$4:$Y$283,CHP_elecEFF!$W94,CHP_CHPR!$Z$4:$Z$283,CHP_elecEFF!$X94)*Y94+Y94<=$AC$1,"",Y94*$AC$1/(SUMIFS(CHP_CHPR!$AA$4:$AA$283,CHP_CHPR!$Y$4:$Y$283,CHP_elecEFF!$W94,CHP_CHPR!$Z$4:$Z$283,CHP_elecEFF!$X94)*Y94+Y94))
A95: RUS | B95: EP_CoaG-CHP | S95: 0.33 | V95: EFF | W95: RUS | X95: EP_CoaG-CHP | Z95: 0 | AA95: =IF(SUMIFS(CHP_CHPR!$AA$4:$AA$283,CHP_CHPR!$Y$4:$Y$283,CHP_elecEFF!$W95,CHP_CHPR!$Z$4:$Z$283,CHP_elecEFF!$X95)*Y95+Y95<=$AC$1,"",Y95*$AC$1/(SUMIFS(CHP_CHPR!$AA$4:$AA$283,CHP_CHPR!$Y$4:$Y$283,CHP_elecEFF!$W95,CHP_CHPR!$Z$4:$Z$283,CHP_elecEFF!$X95)*Y95+Y95))
A96: RUS | B96: EP_Gas-CHP | C96: 0.074700019 | D96: 0.075226994 | E96: 0.073453995 | F96: 0.075449966 | G96: 0.073862256 | H96: 0.077630257 | I96: 0.076639062 | J96: 0.084476794 | K96: 0.077915559 | L96: 0.0720647 | M96: 0.071806717 | N96: 0.069239015 | O96: 0.076064967 | P96: 0.07937091 | Q96: 0.083529858 | R96: 0.082005118 | S96: 0.08137429 | V96: EFF | W96: RUS | X96: EP_Gas-CHP | Y96: 0.32383285 | Z96: 0 | AA96: =IF(SUMIFS(CHP_CHPR!$AA$4:$AA$283,CHP_CHPR!$Y$4:$Y$283,CHP_elecEFF!$W96,CHP_CHPR!$Z$4:$Z$283,CHP_elecEFF!$X96)*Y96+Y96<=$AC$1,"",Y96*$AC$1/(SUMIFS(CHP_CHPR!$AA$4:$AA$283,CHP_CHPR!$Y$4:$Y$283,CHP_elecEFF!$W96,CHP_CHPR!$Z$4:$Z$283,CHP_elecEFF!$X96)*Y96+Y96))
A97: RUS | B97: EP_Nuc-CHP | S97: 0.33 | V97: EFF | W97: RUS | X97: EP_Nuc-CHP | Z97: 0 | AA97: =IF(SUMIFS(CHP_CHPR!$AA$4:$AA$283,CHP_CHPR!$Y$4:$Y$283,CHP_elecEFF!$W97,CHP_CHPR!$Z$4:$Z$283,CHP_elecEFF!$X97)*Y97+Y97<=$AC$1,"",Y97*$AC$1/(SUMIFS(CHP_CHPR!$AA$4:$AA$283,CHP_CHPR!$Y$4:$Y$283,CHP_elecEFF!$W97,CHP_CHPR!$Z$4:$Z$283,CHP_elecEFF!$X97)*Y97+Y97))
A98: RUS | B98: EP_Oil-CHP | C98: 0.06834121 | D98: 0.067925047 | E98: 0.068442187 | F98: 0.068778375 | G98: 0.069018529 | H98: 0.070794377 | I98: 0.064413869 | J98: 0.06633709 | K98: 0.068440345 | L98: 0.071401822 | M98: 0.066960304 | N98: 0.065525798 | O98: 0.14220925 | P98: 0.088007862 | Q98: 0.10037305 | R98: 0.071346483 | S98: 0.068746922 | V98: EFF | W98: RUS | X98: EP_Oil-CHP | Y98: 0.26705181 | Z98: 0 | AA98: =IF(SUMIFS(CHP_CHPR!$AA$4:$AA$283,CHP_CHPR!$Y$4:$Y$283,CHP_elecEFF!$W98,CHP_CHPR!$Z$4:$Z$283,CHP_elecEFF!$X98)*Y98+Y98<=$AC$1,"",Y98*$AC$1/(SUMIFS(CHP_CHPR!$AA$4:$AA$283,CHP_CHPR!$Y$4:$Y$283,CHP_elecEFF!$W98,CHP_CHPR!$Z$4:$Z$283,CHP_elecEFF!$X98)*Y98+Y98)) -> 0.13248666
A99: RUS | B99: EP_Oil_DST-CHP | E99: 0 | F99: 0 | G99: 0 | H99: 0 | I99: 0 | J99: 0 | K99: 0 | L99: 0 | M99: 0 | N99: 0 | O99: 0 | P99: 0 | Q99: 0 | R99: 0 | S99: 0 | V99: EFF | W99: RUS | X99: EP_Oil_DST-CHP | Y99: 0.36378443 | Z99: 0 | AA99: =IF(SUMIFS(CHP_CHPR!$AA$4:$AA$283,CHP_CHPR!$Y$4:$Y$283,CHP_elecEFF!$W99,CHP_CHPR!$Z$4:$Z$283,CHP_elecEFF!$X99)*Y99+Y99<=$AC$1,"",Y99*$AC$1/(SUMIFS(CHP_CHPR!$AA$4:$AA$283,CHP_CHPR!$Y$4:$Y$283,CHP_elecEFF!$W99,CHP_CHPR!$Z$4:$Z$283,CHP_elecEFF!$X99)*Y99+Y99))
A100: RUS | B100: EP_Was-CHP | C100: 0 | D100: 0 | E100: 0 | F100: 0 | G100: 0 | H100: 0 | I100: 0 | J100: 0 | K100: 0 | L100: 0 | M100: 0 | N100: 0 | O100: 0 | P100: 0 | Q100: 0 | R100: 0 | S100: 0 | V100: EFF | W100: RUS | X100: EP_Was-CHP | Y100: 0.45845733 | Z100: 0 | AA100: =IF(SUMIFS(CHP_CHPR!$AA$4:$AA$283,CHP_CHPR!$Y$4:$Y$283,CHP_elecEFF!$W100,CHP_CHPR!$Z$4:$Z$283,CHP_elecEFF!$X100)*Y100+Y100<=$AC$1,"",Y100*$AC$1/(SUMIFS(CHP_CHPR!$AA$4:$AA$283,CHP_CHPR!$Y$4:$Y$283,CHP_elecEFF!$W100,CHP_CHPR!$Z$4:$Z$283,CHP_elecEFF!$X100)*Y100+Y100)) -> 0.15126726
A101: SKO | B101: EP_Bio-CHP | I101: 0 | J101: 0 | K101: 0 | L101: 0 | M101: 0 | N101: 0 | O101: 0 | P101: 0 | Q101: 0 | R101: 0 | S101: 0 | V101: EFF | W101: SKO | X101: EP_Bio-CHP | Y101: 0.33455556 | Z101: 0 | AA101: =IF(SUMIFS(CHP_CHPR!$AA$4:$AA$283,CHP_CHPR!$Y$4:$Y$283,CHP_elecEFF!$W101,CHP_CHPR!$Z$4:$Z$283,CHP_elecEFF!$X101)*Y101+Y101<=$AC$1,"",Y101*$AC$1/(SUMIFS(CHP_CHPR!$AA$4:$AA$283,CHP_CHPR!$Y$4:$Y$283,CHP_elecEFF!$W101,CHP_CHPR!$Z$4:$Z$283,CHP_elecEFF!$X101)*Y101+Y101)) -> 0.13650936
A102: SKO | B102: EP_Coa-CHP | C102: 0 | D102: 0 | E102: 0 | F102: 0 | G102: 0 | H102: 0 | I102: 0 | J102: 0 | K102: 0 | L102: 0 | M102: 0 | N102: 0 | O102: 0 | P102: 0 | Q102: 0 | R102: 0 | S102: 0 | V102: EFF | W102: SKO | X102: EP_Coa-CHP | Y102: 0.28443063 | Z102: 0 | AA102: =IF(SUMIFS(CHP_CHPR!$AA$4:$AA$283,CHP_CHPR!$Y$4:$Y$283,CHP_elecEFF!$W102,CHP_CHPR!$Z$4:$Z$283,CHP_elecEFF!$X102)*Y102+Y102<=$AC$1,"",Y102*$AC$1/(SUMIFS(CHP_CHPR!$AA$4:$AA$283,CHP_CHPR!$Y$4:$Y$283,CHP_elecEFF!$W102,CHP_CHPR!$Z$4:$Z$283,CHP_elecEFF!$X102)*Y102+Y102))
A103: SKO | B103: EP_Gas-CHP | C103: 0.11547827 | D103: 0.12212395 | E103: 0.12343041 | F103: 0.12081561 | G103: 0.12549228 | H103: 0.11166532 | I103: 0.10843719 | J103: 0.10766218 | K103: 0.10820269 | L103: 0.11096213 | M103: 0.11222512 | N103: 0.12485498 | O103: 0.12935647 | P103: 0.12309809 | Q103: 0.14549796 | R103: 0.13760646 | S103: 0.13166297 | V103: EFF | W103: SKO | X103: EP_Gas-CHP | Y103: 0.4631371 | Z103: 0 | AA103: =IF(SUMIFS(CHP_CHPR!$AA$4:$AA$283,CHP_CHPR!$Y$4:$Y$283,CHP_elecEFF!$W103,CHP_CHPR!$Z$4:$Z$283,CHP_elecEFF!$X103)*Y103+Y103<=$AC$1,"",Y103*$AC$1/(SUMIFS(CHP_CHPR!$AA$4:$AA$283,CHP_CHPR!$Y$4:$Y$283,CHP_elecEFF!$W103,CHP_CHPR!$Z$4:$Z$283,CHP_elecEFF!$X103)*Y103+Y103))
A104: SKO | B104: EP_Oil-CHP | C104: 0.24883755 | D104: 0.21215856 | E104: 0.18791041 | F104: 0.20855673 | G104: 0.20545538 | H104: 0.27759421 | I104: 0.27532687 | J104: 0.33151455 | K104: 0.40373869 | L104: 0.43135607 | M104: 0.4952012 | N104: 0.48340416 | O104: 1.055962 | P104: 0.47196066 | Q104: 0.40762204 | R104: 0.5359815 | S104: 0.6050894 | V104: EFF | W104: SKO | X104: EP_Oil-CHP | Y104: 0.27698368 | Z104: 0 | AA104: =IF(SUMIFS(CHP_CHPR!$AA$4:$AA$283,CHP_CHPR!$Y$4:$Y$283,CHP_elecEFF!$W104,CHP_CHPR!$Z$4:$Z$283,CHP_elecEFF!$X104)*Y104+Y104<=$AC$1,"",Y104*$AC$1/(SUMIFS(CHP_CHPR!$AA$4:$AA$283,CHP_CHPR!$Y$4:$Y$283,CHP_elecEFF!$W104,CHP_CHPR!$Z$4:$Z$283,CHP_elecEFF!$X104)*Y104+Y104)) -> 0.24966996
A105: SKO | B105: EP_Oil_DST-CHP | C105: 0.059882541 | D105: 0.045444907 | E105: 0 | F105: 0 | G105: 0 | H105: 0 | J105: 0.10165151 | K105: 0.10711385 | L105: 0 | M105: 0 | S105: 0 | V105: EFF | W105: SKO | X105: EP_Oil_DST-CHP | Z105: 0 | AA105: =IF(SUMIFS(CHP_CHPR!$AA$4:$AA$283,CHP_CHPR!$Y$4:$Y$283,CHP_elecEFF!$W105,CHP_CHPR!$Z$4:$Z$283,CHP_elecEFF!$X105)*Y105+Y105<=$AC$1,"",Y105*$AC$1/(SUMIFS(CHP_CHPR!$AA$4:$AA$283,CHP_CHPR!$Y$4:$Y$283,CHP_elecEFF!$W105,CHP_CHPR!$Z$4:$Z$283,CHP_elecEFF!$X105)*Y105+Y105))
A106: SKO | B106: EP_Was-CHP | C106: 0 | D106: 0 | E106: 0 | F106: 0 | G106: 0 | H106: 0 | I106: 0 | J106: 0 | K106: 0 | L106: 0 | M106: 0 | N106: 0 | O106: 0 | P106: 0 | Q106: 0 | R106: 0 | S106: 0 | V106: EFF | W106: SKO | X106: EP_Was-CHP | Y106: 0.29636842 | Z106: 0 | AA106: =IF(SUMIFS(CHP_CHPR!$AA$4:$AA$283,CHP_CHPR!$Y$4:$Y$283,CHP_elecEFF!$W106,CHP_CHPR!$Z$4:$Z$283,CHP_elecEFF!$X106)*Y106+Y106<=$AC$1,"",Y106*$AC$1/(SUMIFS(CHP_CHPR!$AA$4:$AA$283,CHP_CHPR!$Y$4:$Y$283,CHP_elecEFF!$W106,CHP_CHPR!$Z$4:$Z$283,CHP_elecEFF!$X106)*Y106+Y106)) -> 0.24073853
A107: URA | B107: EP_Bio-CHP | C107: 0 | D107: 0 | E107: 0 | F107: 0 | G107: 0 | H107: 0 | I107: 0 | J107: 0 | K107: 0 | L107: 0 | M107: 0 | N107: 0 | O107: 0 | P107: 0 | Q107: 0 | R107: 0 | S107: 0 | V107: EFF | W107: URA | X107: EP_Bio-CHP | Y107: 0.31693426 | Z107: 0 | AA107: =IF(SUMIFS(CHP_CHPR!$AA$4:$AA$283,CHP_CHPR!$Y$4:$Y$283,CHP_elecEFF!$W107,CHP_CHPR!$Z$4:$Z$283,CHP_elecEFF!$X107)*Y107+Y107<=$AC$1,"",Y107*$AC$1/(SUMIFS(CHP_CHPR!$AA$4:$AA$283,CHP_CHPR!$Y$4:$Y$283,CHP_elecEFF!$W107,CHP_CHPR!$Z$4:$Z$283,CHP_elecEFF!$X107)*Y107+Y107))
A108: URA | B108: EP_Coa-CHP | C108: 0.055398682 | D108: 0.058400916 | E108: 0.05867708 | F108: 0.060706202 | G108: 0.052819033 | H108: 0.062257841 | I108: 0.06493656 | J108: 0.066671398 | K108: 0.06935982 | L108: 0.070483989 | M108: 0.064413168 | N108: 0.068237706 | O108: 0.061329608 | P108: 0.055334183 | Q108: 0.054279518 | R108: 0.057549988 | S108: 0.05853351 | V108: EFF | W108: URA | X108: EP_Coa-CHP | Y108: 0.32107017 | Z108: 0 | AA108: =IF(SUMIFS(CHP_CHPR!$AA$4:$AA$283,CHP_CHPR!$Y$4:$Y$283,CHP_elecEFF!$W108,CHP_CHPR!$Z$4:$Z$283,CHP_elecEFF!$X108)*Y108+Y108<=$AC$1,"",Y108*$AC$1/(SUMIFS(CHP_CHPR!$AA$4:$AA$283,CHP_CHPR!$Y$4:$Y$283,CHP_elecEFF!$W108,CHP_CHPR!$Z$4:$Z$283,CHP_elecEFF!$X108)*Y108+Y108)) -> 0.28570916
A109: URA | B109: EP_Gas-CHP | C109: 0.061330493 | D109: 0.062835565 | E109: 0.070634555 | F109: 0.064985161 | G109: 0.068192175 | H109: 0.062517014 | I109: 0.065415125 | J109: 0.076191117 | K109: 0.07488684 | L109: 0.073419526 | M109: 0.071874705 | N109: 0.075464274 | O109: 0.067856246 | P109: 0.064522446 | Q109: 0.068810892 | R109: 0.070443305 | S109: 0.07486578 | V109: EFF | W109: URA | X109: EP_Gas-CHP | Y109: 0.31012472 | Z109: 0 | AA109: =IF(SUMIFS(CHP_CHPR!$AA$4:$AA$283,CHP_CHPR!$Y$4:$Y$283,CHP_elecEFF!$W109,CHP_CHPR!$Z$4:$Z$283,CHP_elecEFF!$X109)*Y109+Y109<=$AC$1,"",Y109*$AC$1/(SUMIFS(CHP_CHPR!$AA$4:$AA$283,CHP_CHPR!$Y$4:$Y$283,CHP_elecEFF!$W109,CHP_CHPR!$Z$4:$Z$283,CHP_elecEFF!$X109)*Y109+Y109))
...

Sheet CHP_CHPR
A1: RestartCHPChar_CHPR | AF1: 0.25 | AG1: if zero
Y2: Deactivated~TFM_INS-TS | AH2: ~TFM_INS-TS
A3: Region | B3: PSET_PN | C3: 2002 | D3: 2003 | E3: 2004 | F3: 2005 | G3: 2006 | H3: 2007 | I3: 2008 | J3: 2009 | K3: 2010 | L3: 2011 | M3: 2012 | N3: 2013 | O3: 2014 | P3: 2015 | Q3: 2016 | R3: 2017 | S3: 2018 | Y3: Region | Z3: PSET_PN | AA3: =S3 -> 2018 | AB3: 0 | AC3: Attribute | AD3: LimType | AH3: Region | AI3: PSET_PN | AJ3: 2018 | AK3: 0 | AL3: Attribute | AM3: LimType
A4: AFR_N | B4: EP_Bio-CHP | L4: 0 | M4: 0 | N4: 0 | O4: 0 | P4: 0 | Q4: 0 | R4: 0 | S4: 0 | Y4: =IF($A4="","\I:",A4) -> AFR_N | Z4: =B4 -> EP_Bio-CHP | AA4: =MAX(IFERROR(AVERAGE(R4:S4),$AF$1),$AF$1) -> 0.25 | AB4: 3 | AC4: =IF($A4="","\I:","NCAP_CHPR") -> NCAP_CHPR | AD4: FX | AH4: AFR_N | AI4: EP_Bio-CHP | AJ4: 2 | AK4: 3 | AL4: NCAP_CHPR | AM4: UP
A5: AFR_N | B5: EP_Coa-CHP | S5: 1.5 | Y5: =IF($A5="","\I:",A5) -> AFR_N | Z5: =B5 -> EP_Coa-CHP | AA5: =MAX(IFERROR(AVERAGE(R5:S5),$AF$1),$AF$1) -> 1.5 | AB5: 3 | AC5: =IF($A5="","\I:","NCAP_CHPR") -> NCAP_CHPR | AD5: FX | AH5: AFR_N | AI5: EP_Coa-CHP | AJ5: 2 | AK5: 3 | AL5: NCAP_CHPR | AM5: UP
A6: AFR_N | B6: EP_Gas-CHP | K6: 0 | L6: 0 | M6: 0 | N6: 0 | O6: 0 | P6: 0 | Q6: 0 | R6: 0 | S6: 0 | Y6: =IF($A6="","\I:",A6) -> AFR_N | Z6: =B6 -> EP_Gas-CHP | AA6: =MAX(IFERROR(AVERAGE(R6:S6),$AF$1),$AF$1) -> 0.25 | AB6: 3 | AC6: =IF($A6="","\I:","NCAP_CHPR") -> NCAP_CHPR | AD6: FX | AH6: AFR_N | AI6: EP_Gas-CHP | AJ6: 2 | AK6: 3 | AL6: NCAP_CHPR | AM6: UP
A7: AFR_N | B7: EP_Oil-CHP | S7: 1.5 | Y7: =IF($A7="","\I:",A7) -> AFR_N | Z7: =B7 -> EP_Oil-CHP | AA7: =MAX(IFERROR(AVERAGE(R7:S7),$AF$1),$AF$1) -> 1.5 | AB7: 3 | AC7: =IF($A7="","\I:","NCAP_CHPR") -> NCAP_CHPR | AD7: FX | AH7: AFR_N | AI7: EP_Oil-CHP | AJ7: 2 | AK7: 3 | AL7: NCAP_CHPR | AM7: UP
A8: AFR_N | B8: EP_Oil_CRD-CHP | S8: 1.5 | Y8: =IF($A8="","\I:",A8) -> AFR_N | Z8: =B8 -> EP_Oil_CRD-CHP | AA8: =MAX(IFERROR(AVERAGE(R8:S8),$AF$1),$AF$1) -> 1.5 | AB8: 3 | AC8: =IF($A8="","\I:","NCAP_CHPR") -> NCAP_CHPR | AD8: FX | AH8: AFR_N | AI8: EP_Oil_CRD-CHP | AJ8: 2 | AK8: 3 | AL8: NCAP_CHPR | AM8: UP
A9: AFR_N | B9: EP_Oil_DST-CHP | S9: 1.5 | Y9: =IF($A9="","\I:",A9) -> AFR_N | Z9: =B9 -> EP_Oil_DST-CHP | AA9: =MAX(IFERROR(AVERAGE(R9:S9),$AF$1),$AF$1) -> 1.5 | AB9: 3 | AC9: =IF($A9="","\I:","NCAP_CHPR") -> NCAP_CHPR | AD9: FX | AH9: AFR_N | AI9: EP_Oil_DST-CHP | AJ9: 2 | AK9: 3 | AL9: NCAP_CHPR | AM9: UP
A10: AFR_N | B10: EP_Was-CHP | S10: 1.5 | Y10: =IF($A10="","\I:",A10) -> AFR_N | Z10: =B10 -> EP_Was-CHP | AA10: =MAX(IFERROR(AVERAGE(R10:S10),$AF$1),$AF$1) -> 1.5 | AB10: 3 | AC10: =IF($A10="","\I:","NCAP_CHPR") -> NCAP_CHPR | AD10: FX | AH10: AFR_N | AI10: EP_Was-CHP | AJ10: 2 | AK10: 3 | AL10: NCAP_CHPR | AM10: UP
A11: AFR_S | B11: EP_Bio-CHP | L11: 0 | M11: 0 | N11: 0 | O11: 0 | P11: 0 | Q11: 0 | R11: 0 | S11: 0 | Y11: =IF($A11="","\I:",A11) -> AFR_S | Z11: =B11 -> EP_Bio-CHP | AA11: =MAX(IFERROR(AVERAGE(R11:S11),$AF$1),$AF$1) -> 0.25 | AB11: 3 | AC11: =IF($A11="","\I:","NCAP_CHPR") -> NCAP_CHPR | AD11: FX | AH11: AFR_S | AI11: EP_Bio-CHP | AJ11: 2 | AK11: 3 | AL11: NCAP_CHPR | AM11: UP
A12: AFR_S | B12: EP_Coa-CHP | S12: 1.5 | Y12: =IF($A12="","\I:",A12) -> AFR_S | Z12: =B12 -> EP_Coa-CHP | AA12: =MAX(IFERROR(AVERAGE(R12:S12),$AF$1),$AF$1) -> 1.5 | AB12: 3 | AC12: =IF($A12="","\I:","NCAP_CHPR") -> NCAP_CHPR | AD12: FX | AH12: AFR_S | AI12: EP_Coa-CHP | AJ12: 2 | AK12: 3 | AL12: NCAP_CHPR | AM12: UP
A13: AFR_S | B13: EP_Gas-CHP | K13: 0 | L13: 0 | M13: 0 | N13: 0 | O13: 0 | P13: 0 | Q13: 0 | R13: 0 | S13: 0 | Y13: =IF($A13="","\I:",A13) -> AFR_S | Z13: =B13 -> EP_Gas-CHP | AA13: =MAX(IFERROR(AVERAGE(R13:S13),$AF$1),$AF$1) -> 0.25 | AB13: 3 | AC13: =IF($A13="","\I:","NCAP_CHPR") -> NCAP_CHPR | AD13: FX | AH13: AFR_S | AI13: EP_Gas-CHP | AJ13: 2 | AK13: 3 | AL13: NCAP_CHPR | AM13: UP
A14: AFR_S | B14: EP_Oil-CHP | S14: 1.5 | Y14: =IF($A14="","\I:",A14) -> AFR_S | Z14: =B14 -> EP_Oil-CHP | AA14: =MAX(IFERROR(AVERAGE(R14:S14),$AF$1),$AF$1) -> 1.5 | AB14: 3 | AC14: =IF($A14="","\I:","NCAP_CHPR") -> NCAP_CHPR | AD14: FX | AH14: AFR_S | AI14: EP_Oil-CHP | AJ14: 2 | AK14: 3 | AL14: NCAP_CHPR | AM14: UP
A15: AFR_S | B15: EP_Oil_DST-CHP | S15: 1.5 | Y15: =IF($A15="","\I:",A15) -> AFR_S | Z15: =B15 -> EP_Oil_DST-CHP | AA15: =MAX(IFERROR(AVERAGE(R15:S15),$AF$1),$AF$1) -> 1.5 | AB15: 3 | AC15: =IF($A15="","\I:","NCAP_CHPR") -> NCAP_CHPR | AD15: FX | AH15: AFR_S | AI15: EP_Oil_DST-CHP | AJ15: 2 | AK15: 3 | AL15: NCAP_CHPR | AM15: UP
A16: AFR_S | B16: EP_Was-CHP | S16: 1.5 | Y16: =IF($A16="","\I:",A16) -> AFR_S | Z16: =B16 -> EP_Was-CHP | AA16: =MAX(IFERROR(AVERAGE(R16:S16),$AF$1),$AF$1) -> 1.5 | AB16: 3 | AC16: =IF($A16="","\I:","NCAP_CHPR") -> NCAP_CHPR | AD16: FX | AH16: AFR_S | AI16: EP_Was-CHP | AJ16: 2 | AK16: 3 | AL16: NCAP_CHPR | AM16: UP
A17: ANZ | B17: EP_Bio-CHP | C17: 0 | D17: 0 | E17: 0 | F17: 0 | G17: 0 | H17: 0 | I17: 0 | J17: 0 | K17: 0 | L17: 0 | M17: 0 | N17: 0 | O17: 0 | P17: 0 | Q17: 0 | R17: 0 | S17: 0 | Y17: =IF($A17="","\I:",A17) -> ANZ | Z17: =B17 -> EP_Bio-CHP | AA17: =MAX(IFERROR(AVERAGE(R17:S17),$AF$1),$AF$1) -> 0.25 | AB17: 3 | AC17: =IF($A17="","\I:","NCAP_CHPR") -> NCAP_CHPR | AD17: FX | AH17: ANZ | AI17: EP_Bio-CHP | AJ17: 2 | AK17: 3 | AL17: NCAP_CHPR | AM17: UP
A18: ANZ | B18: EP_Coa-CHP | C18: 0 | D18: 0 | E18: 0 | F18: 0 | G18: 0 | H18: 0 | I18: 0 | J18: 0 | K18: 0 | L18: 0 | M18: 0 | N18: 0 | O18: 0 | P18: 0 | Q18: 0 | R18: 0 | S18: 0 | Y18: =IF($A18="","\I:",A18) -> ANZ | Z18: =B18 -> EP_Coa-CHP | AA18: =MAX(IFERROR(AVERAGE(R18:S18),$AF$1),$AF$1) -> 0.25 | AB18: 3 | AC18: =IF($A18="","\I:","NCAP_CHPR") -> NCAP_CHPR | AD18: FX | AH18: ANZ | AI18: EP_Coa-CHP | AJ18: 2 | AK18: 3 | AL18: NCAP_CHPR | AM18: UP
A19: ANZ | B19: EP_Gas-CHP | C19: 0 | D19: 0 | E19: 0 | F19: 0 | G19: 0 | H19: 0 | I19: 0 | J19: 0 | K19: 0 | L19: 0 | M19: 0 | N19: 0 | O19: 0 | P19: 0 | Q19: 0 | R19: 0 | S19: 0 | Y19: =IF($A19="","\I:",A19) -> ANZ | Z19: =B19 -> EP_Gas-CHP | AA19: =MAX(IFERROR(AVERAGE(R19:S19),$AF$1),$AF$1) -> 0.25 | AB19: 3 | AC19: =IF($A19="","\I:","NCAP_CHPR") -> NCAP_CHPR | AD19: FX | AH19: ANZ | AI19: EP_Gas-CHP | AJ19: 2 | AK19: 3 | AL19: NCAP_CHPR | AM19: UP
A20: ANZ | B20: EP_Geo-CHP | C20: 0 | D20: 0 | E20: 0 | F20: 0 | G20: 0 | H20: 0 | I20: 0 | J20: 0 | K20: 0 | L20: 0 | M20: 0 | N20: 0 | O20: 0 | P20: 0 | Q20: 0 | R20: 0 | S20: 0 | Y20: =IF($A20="","\I:",A20) -> ANZ | Z20: =B20 -> EP_Geo-CHP | AA20: =MAX(IFERROR(AVERAGE(R20:S20),$AF$1),$AF$1) -> 0.25 | AB20: 3 | AC20: =IF($A20="","\I:","NCAP_CHPR") -> NCAP_CHPR | AD20: FX | AH20: ANZ | AI20: EP_Geo-CHP | AJ20: 2 | AK20: 3 | AL20: NCAP_CHPR | AM20: UP
A21: ANZ | B21: EP_Oil-CHP | J21: 0 | K21: 0 | L21: 0 | M21: 0 | N21: 0 | O21: 0 | P21: 0 | Q21: 0 | R21: 0 | S21: 0 | Y21: =IF($A21="","\I:",A21) -> ANZ | Z21: =B21 -> EP_Oil-CHP | AA21: =MAX(IFERROR(AVERAGE(R21:S21),$AF$1),$AF$1) -> 0.25 | AB21: 3 | AC21: =IF($A21="","\I:","NCAP_CHPR") -> NCAP_CHPR | AD21: FX | AH21: ANZ | AI21: EP_Oil-CHP | AJ21: 2 | AK21: 3 | AL21: NCAP_CHPR | AM21: UP
A22: ANZ | B22: EP_Oil_DST-CHP | S22: 1.5 | Y22: =IF($A22="","\I:",A22) -> ANZ | Z22: =B22 -> EP_Oil_DST-CHP | AA22: =MAX(IFERROR(AVERAGE(R22:S22),$AF$1),$AF$1) -> 1.5 | AB22: 3 | AC22: =IF($A22="","\I:","NCAP_CHPR") -> NCAP_CHPR | AD22: FX | AH22: ANZ | AI22: EP_Oil_DST-CHP | AJ22: 2 | AK22: 3 | AL22: NCAP_CHPR | AM22: UP
A23: ANZ | B23: EP_Was-CHP | C23: 0 | D23: 0 | E23: 0 | F23: 0 | G23: 0 | H23: 0 | I23: 0 | J23: 0 | K23: 0 | L23: 0 | M23: 0 | N23: 0 | O23: 0 | P23: 0 | Q23: 0 | R23: 0 | S23: 0 | Y23: =IF($A23="","\I:",A23) -> ANZ | Z23: =B23 -> EP_Was-CHP | AA23: =MAX(IFERROR(AVERAGE(R23:S23),$AF$1),$AF$1) -> 0.25 | AB23: 3 | AC23: =IF($A23="","\I:","NCAP_CHPR") -> NCAP_CHPR | AD23: FX | AH23: ANZ | AI23: EP_Was-CHP | AJ23: 2 | AK23: 3 | AL23: NCAP_CHPR | AM23: UP
A24: BRZ | B24: EP_Bio-CHP | C24: 0 | D24: 0 | E24: 0 | F24: 0 | G24: 0 | H24: 0 | I24: 0 | J24: 0 | K24: 0 | L24: 0 | M24: 0 | N24: 0 | O24: 0 | P24: 0 | Q24: 0 | R24: 0 | S24: 0 | Y24: =IF($A24="","\I:",A24) -> BRZ | Z24: =B24 -> EP_Bio-CHP | AA24: =MAX(IFERROR(AVERAGE(R24:S24),$AF$1),$AF$1) -> 0.25 | AB24: 3 | AC24: =IF($A24="","\I:","NCAP_CHPR") -> NCAP_CHPR | AD24: FX | AH24: BRZ | AI24: EP_Bio-CHP | AJ24: 2 | AK24: 3 | AL24: NCAP_CHPR | AM24: UP
A25: BRZ | B25: EP_Coa-CHP | C25: 0 | D25: 0 | E25: 0 | F25: 0 | G25: 0 | H25: 0 | I25: 0 | J25: 0 | K25: 0 | L25: 0 | M25: 0 | N25: 0 | O25: 0 | P25: 0 | Q25: 0 | R25: 0 | S25: 0 | Y25: =IF($A25="","\I:",A25) -> BRZ | Z25: =B25 -> EP_Coa-CHP | AA25: =MAX(IFERROR(AVERAGE(R25:S25),$AF$1),$AF$1) -> 0.25 | AB25: 3 | AC25: =IF($A25="","\I:","NCAP_CHPR") -> NCAP_CHPR | AD25: FX | AH25: BRZ | AI25: EP_Coa-CHP | AJ25: 2 | AK25: 3 | AL25: NCAP_CHPR | AM25: UP
A26: BRZ | B26: EP_Gas-CHP | C26: 0 | D26: 0 | E26: 0 | F26: 0 | G26: 0 | H26: 0 | I26: 0 | J26: 0 | K26: 0 | L26: 0 | M26: 0 | N26: 0 | O26: 0 | P26: 0 | Q26: 0 | R26: 0 | S26: 0 | Y26: =IF($A26="","\I:",A26) -> BRZ | Z26: =B26 -> EP_Gas-CHP | AA26: =MAX(IFERROR(AVERAGE(R26:S26),$AF$1),$AF$1) -> 0.25 | AB26: 3 | AC26: =IF($A26="","\I:","NCAP_CHPR") -> NCAP_CHPR | AD26: FX | AH26: BRZ | AI26: EP_Gas-CHP | AJ26: 2 | AK26: 3 | AL26: NCAP_CHPR | AM26: UP
A27: BRZ | B27: EP_Oil-CHP | C27: 0 | D27: 0 | E27: 0 | F27: 0 | G27: 0 | H27: 0 | I27: 0 | J27: 0 | K27: 0 | L27: 0 | M27: 0 | N27: 0 | O27: 0 | P27: 0 | Q27: 0 | R27: 0 | S27: 0 | Y27: =IF($A27="","\I:",A27) -> BRZ | Z27: =B27 -> EP_Oil-CHP | AA27: =MAX(IFERROR(AVERAGE(R27:S27),$AF$1),$AF$1) -> 0.25 | AB27: 3 | AC27: =IF($A27="","\I:","NCAP_CHPR") -> NCAP_CHPR | AD27: FX | AH27: BRZ | AI27: EP_Oil-CHP | AJ27: 2 | AK27: 3 | AL27: NCAP_CHPR | AM27: UP
A28: BRZ | B28: EP_Oil_DST-CHP | S28: 1.5 | Y28: =IF($A28="","\I:",A28) -> BRZ | Z28: =B28 -> EP_Oil_DST-CHP | AA28: =MAX(IFERROR(AVERAGE(R28:S28),$AF$1),$AF$1) -> 1.5 | AB28: 3 | AC28: =IF($A28="","\I:","NCAP_CHPR") -> NCAP_CHPR | AD28: FX | AH28: BRZ | AI28: EP_Oil_DST-CHP | AJ28: 2 | AK28: 3 | AL28: NCAP_CHPR | AM28: UP
A29: BRZ | B29: EP_Was-CHP | I29: 0 | J29: 0 | K29: 0 | L29: 0 | M29: 0 | N29: 0 | O29: 0 | P29: 0 | Q29: 0 | R29: 0 | S29: 0 | Y29: =IF($A29="","\I:",A29) -> BRZ | Z29: =B29 -> EP_Was-CHP | AA29: =MAX(IFERROR(AVERAGE(R29:S29),$AF$1),$AF$1) -> 0.25 | AB29: 3 | AC29: =IF($A29="","\I:","NCAP_CHPR") -> NCAP_CHPR | AD29: FX | AH29: BRZ | AI29: EP_Was-CHP | AJ29: 2 | AK29: 3 | AL29: NCAP_CHPR | AM29: UP
A30: CAN | B30: EP_Bio-CHP | S30: 1.5 | Y30: =IF($A30="","\I:",A30) -> CAN | Z30: =B30 -> EP_Bio-CHP | AA30: =MAX(IFERROR(AVERAGE(R30:S30),$AF$1),$AF$1) -> 1.5 | AB30: 3 | AC30: =IF($A30="","\I:","NCAP_CHPR") -> NCAP_CHPR | AD30: FX | AH30: CAN | AI30: EP_Bio-CHP | AJ30: 2 | AK30: 3 | AL30: NCAP_CHPR | AM30: UP
A31: CAN | B31: EP_Coa-CHP | S31: 1.5 | Y31: =IF($A31="","\I:",A31) -> CAN | Z31: =B31 -> EP_Coa-CHP | AA31: =MAX(IFERROR(AVERAGE(R31:S31),$AF$1),$AF$1) -> 1.5 | AB31: 3 | AC31: =IF($A31="","\I:","NCAP_CHPR") -> NCAP_CHPR | AD31: FX | AH31: CAN | AI31: EP_Coa-CHP | AJ31: 2 | AK31: 3 | AL31: NCAP_CHPR | AM31: UP
A32: CAN | B32: EP_Gas-CHP | C32: 0.82841265 | D32: 1.0581963 | E32: 1.0534876 | F32: 0.6297745 | G32: 0.5817523 | H32: 0.51861817 | I32: 0.54356345 | J32: 0.61551816 | K32: 0.48765402 | L32: 0.43122379 | M32: 0.59309997 | N32: 0.55434397 | O32: 0.57165667 | P32: 0.38824558 | Q32: 0.34523891 | R32: 0.70948672 | S32: 0.43722235 | Y32: =IF($A32="","\I:",A32) -> CAN | Z32: =B32 -> EP_Gas-CHP | AA32: =MAX(IFERROR(AVERAGE(R32:S32),$AF$1),$AF$1) -> 0.57335453 | AB32: 3 | AC32: =IF($A32="","\I:","NCAP_CHPR") -> NCAP_CHPR | AD32: FX | AH32: CAN | AI32: EP_Gas-CHP | AJ32: 2 | AK32: 3 | AL32: NCAP_CHPR | AM32: UP
A33: CAN | B33: EP_Oil-CHP | C33: 84.407686 | D33: 110.86956 | E33: 122.2173 | F33: 86.553513 | G33: 93.304074 | H33: 59.306003 | I33: 29.76613 | J33: 48.287167 | K33: 39.059154 | L33: 12.656845 | M33: 2.4907948 | N33: 1.2483861 | O33: 1.2761539 | P33: 1.2598847 | Q33: 6.29693 | R33: 1.2595705 | S33: 1.2601508 | Y33: =IF($A33="","\I:",A33) -> CAN | Z33: =B33 -> EP_Oil-CHP | AA33: =MAX(IFERROR(AVERAGE(R33:S33),$AF$1),$AF$1) -> 1.2598607 | AB33: 3 | AC33: =IF($A33="","\I:","NCAP_CHPR") -> NCAP_CHPR | AD33: FX | AH33: CAN | AI33: EP_Oil-CHP | AJ33: 2 | AK33: 3 | AL33: NCAP_CHPR | AM33: UP
A34: CAN | B34: EP_Oil_DST-CHP | S34: 1.5 | Y34: =IF($A34="","\I:",A34) -> CAN | Z34: =B34 -> EP_Oil_DST-CHP | AA34: =MAX(IFERROR(AVERAGE(R34:S34),$AF$1),$AF$1) -> 1.5 | AB34: 3 | AC34: =IF($A34="","\I:","NCAP_CHPR") -> NCAP_CHPR | AD34: FX | AH34: CAN | AI34: EP_Oil_DST-CHP | AJ34: 2 | AK34: 3 | AL34: NCAP_CHPR | AM34: UP
A35: CAN | B35: EP_Was-CHP | C35: 0.42672896 | D35: 0.41439134 | E35: 0.43989327 | F35: 0.38876075 | G35: 0.41674339 | H35: 0.25959255 | I35: 0.35244949 | J35: 0.37106304 | K35: 0.4170237 | L35: 0.49395544 | M35: 0.49510774 | N35: 0.37509629 | O35: 0.36546592 | P35: 0.36997063 | Q35: 0.37819849 | R35: 0.39078981 | S35: 0.39072003 | Y35: =IF($A35="","\I:",A35) -> CAN | Z35: =B35 -> EP_Was-CHP | AA35: =MAX(IFERROR(AVERAGE(R35:S35),$AF$1),$AF$1) -> 0.39075492 | AB35: 3 | AC35: =IF($A35="","\I:","NCAP_CHPR") -> NCAP_CHPR | AD35: FX | AH35: CAN | AI35: EP_Was-CHP | AJ35: 2 | AK35: 3 | AL35: NCAP_CHPR | AM35: UP
A36: CHI | B36: EP_Bio-CHP | S36: 1.5 | Y36: =IF($A36="","\I:",A36) -> CHI | Z36: =B36 -> EP_Bio-CHP | AA36: =MAX(IFERROR(AVERAGE(R36:S36),$AF$1),$AF$1) -> 1.5 | AB36: 3 | AC36: =IF($A36="","\I:","NCAP_CHPR") -> NCAP_CHPR | AD36: FX | AH36: CHI | AI36: EP_Bio-CHP | AJ36: 2 | AK36: 3 | AL36: NCAP_CHPR | AM36: UP
A37: CHI | B37: EP_Coa-CHP | F37: 0.71033416 | G37: 0.33409619 | H37: 0.3174545 | I37: 0.28149032 | J37: 0.26202453 | K37: 0.27340156 | L37: 0.26762468 | M37: 0.30915167 | N37: 0.31696165 | O37: 0.31637705 | P37: 0.3353857 | Q37: 0.34453828 | R37: 0.60388 | S37: 0.63024724 | Y37: =IF($A37="","\I:",A37) -> CHI | Z37: =B37 -> EP_Coa-CHP | AA37: =MAX(IFERROR(AVERAGE(R37:S37),$AF$1),$AF$1) -> 0.61706362 | AB37: 3 | AC37: =IF($A37="","\I:","NCAP_CHPR") -> NCAP_CHPR | AD37: FX | AH37: CHI | AI37: EP_Coa-CHP | AJ37: 2 | AK37: 3 | AL37: NCAP_CHPR | AM37: UP
A38: CHI | B38: EP_CoaG-CHP | S38: 1.5 | Y38: =IF($A38="","\I:",A38) -> CHI | Z38: =B38 -> EP_CoaG-CHP | AA38: =MAX(IFERROR(AVERAGE(R38:S38),$AF$1),$AF$1) -> 1.5 | AB38: 3 | AC38: =IF($A38="","\I:","NCAP_CHPR") -> NCAP_CHPR | AD38: FX | AH38: CHI | AI38: EP_CoaG-CHP | AJ38: 2 | AK38: 3 | AL38: NCAP_CHPR | AM38: UP
A39: CHI | B39: EP_Gas-CHP | F39: 2.6908562 | G39: 0.91169929 | H39: 0.90707577 | I39: 0.87443423 | J39: 0.82746323 | K39: 0.8032448 | L39: 0.81711845 | M39: 0.78912823 | N39: 0.78268761 | O39: 0.83086921 | P39: 0.84006733 | Q39: 0.83926647 | R39: 2.4228868 | S39: 2.4092225 | Y39: =IF($A39="","\I:",A39) -> CHI | Z39: =B39 -> EP_Gas-CHP | AA39: =MAX(IFERROR(AVERAGE(R39:S39),$AF$1),$AF$1) -> 2.4160546 | AB39: 3 | AC39: =IF($A39="","\I:","NCAP_CHPR") -> NCAP_CHPR | AD39: FX | AH39: CHI | AI39: EP_Gas-CHP | AJ39: 2 | AK39: 3 | AL39: NCAP_CHPR | AM39: UP
A40: CHI | B40: EP_Nuc-CHP | S40: 1.5 | Y40: =IF($A40="","\I:",A40) -> CHI | Z40: =B40 -> EP_Nuc-CHP | AA40: =MAX(IFERROR(AVERAGE(R40:S40),$AF$1),$AF$1) -> 1.5 | AB40: 3 | AC40: =IF($A40="","\I:","NCAP_CHPR") -> NCAP_CHPR | AD40: FX | AH40: CHI | AI40: EP_Nuc-CHP | AJ40: 2 | AK40: 3 | AL40: NCAP_CHPR | AM40: UP
A41: CHI | B41: EP_Oil-CHP | S41: 1.5 | Y41: =IF($A41="","\I:",A41) -> CHI | Z41: =B41 -> EP_Oil-CHP | AA41: =MAX(IFERROR(AVERAGE(R41:S41),$AF$1),$AF$1) -> 1.5 | AB41: 3 | AC41: =IF($A41="","\I:","NCAP_CHPR") -> NCAP_CHPR | AD41: FX | AH41: CHI | AI41: EP_Oil-CHP | AJ41: 2 | AK41: 3 | AL41: NCAP_CHPR | AM41: UP
A42: CHI | B42: EP_Oil_DST-CHP | S42: 1.5 | Y42: =IF($A42="","\I:",A42) -> CHI | Z42: =B42 -> EP_Oil_DST-CHP | AA42: =MAX(IFERROR(AVERAGE(R42:S42),$AF$1),$AF$1) -> 1.5 | AB42: 3 | AC42: =IF($A42="","\I:","NCAP_CHPR") -> NCAP_CHPR | AD42: FX | AH42: CHI | AI42: EP_Oil_DST-CHP | AJ42: 2 | AK42: 3 | AL42: NCAP_CHPR | AM42: UP
A43: CHI | B43: EP_Was-CHP | S43: 1.5 | Y43: =IF($A43="","\I:",A43) -> CHI | Z43: =B43 -> EP_Was-CHP | AA43: =MAX(IFERROR(AVERAGE(R43:S43),$AF$1),$AF$1) -> 1.5 | AB43: 3 | AC43: =IF($A43="","\I:","NCAP_CHPR") -> NCAP_CHPR | AD43: FX | AH43: CHI | AI43: EP_Was-CHP | AJ43: 2 | AK43: 3 | AL43: NCAP_CHPR | AM43: UP
A44: CSA | B44: EP_Bio-CHP | C44: 0 | D44: 0 | E44: 0 | F44: 0 | G44: 0 | H44: 0 | I44: 0 | J44: 0 | K44: 0 | L44: 0 | M44: 0 | N44: 0 | O44: 0 | P44: 0 | Q44: 0 | R44: 0 | S44: 0 | Y44: =IF($A44="","\I:",A44) -> CSA | Z44: =B44 -> EP_Bio-CHP | AA44: =MAX(IFERROR(AVERAGE(R44:S44),$AF$1),$AF$1) -> 0.25 | AB44: 3 | AC44: =IF($A44="","\I:","NCAP_CHPR") -> NCAP_CHPR | AD44: FX | AH44: CSA | AI44: EP_Bio-CHP | AJ44: 2 | AK44: 3 | AL44: NCAP_CHPR | AM44: UP
A45: CSA | B45: EP_Coa-CHP | S45: 1.5 | Y45: =IF($A45="","\I:",A45) -> CSA | Z45: =B45 -> EP_Coa-CHP | AA45: =MAX(IFERROR(AVERAGE(R45:S45),$AF$1),$AF$1) -> 1.5 | AB45: 3 | AC45: =IF($A45="","\I:","NCAP_CHPR") -> NCAP_CHPR | AD45: FX | AH45: CSA | AI45: EP_Coa-CHP | AJ45: 2 | AK45: 3 | AL45: NCAP_CHPR | AM45: UP
A46: CSA | B46: EP_Gas-CHP | S46: 1.5 | Y46: =IF($A46="","\I:",A46) -> CSA | Z46: =B46 -> EP_Gas-CHP | AA46: =MAX(IFERROR(AVERAGE(R46:S46),$AF$1),$AF$1) -> 1.5 | AB46: 3 | AC46: =IF($A46="","\I:","NCAP_CHPR") -> NCAP_CHPR | AD46: FX | AH46: CSA | AI46: EP_Gas-CHP | AJ46: 2 | AK46: 3 | AL46: NCAP_CHPR | AM46: UP
A47: CSA | B47: EP_Oil-CHP | S47: 1.5 | Y47: =IF($A47="","\I:",A47) -> CSA | Z47: =B47 -> EP_Oil-CHP | AA47: =MAX(IFERROR(AVERAGE(R47:S47),$AF$1),$AF$1) -> 1.5 | AB47: 3 | AC47: =IF($A47="","\I:","NCAP_CHPR") -> NCAP_CHPR | AD47: FX | AH47: CSA | AI47: EP_Oil-CHP | AJ47: 2 | AK47: 3 | AL47: NCAP_CHPR | AM47: UP
A48: CSA | B48: EP_Oil_CRD-CHP | S48: 1.5 | Y48: =IF($A48="","\I:",A48) -> CSA | Z48: =B48 -> EP_Oil_CRD-CHP | AA48: =MAX(IFERROR(AVERAGE(R48:S48),$AF$1),$AF$1) -> 1.5 | AB48: 3 | AC48: =IF($A48="","\I:","NCAP_CHPR") -> NCAP_CHPR | AD48: FX | AH48: CSA | AI48: EP_Oil_CRD-CHP | AJ48: 2 | AK48: 3 | AL48: NCAP_CHPR | AM48: UP
A49: CSA | B49: EP_Oil_DST-CHP | S49: 1.5 | Y49: =IF($A49="","\I:",A49) -> CSA | Z49: =B49 -> EP_Oil_DST-CHP | AA49: =MAX(IFERROR(AVERAGE(R49:S49),$AF$1),$AF$1) -> 1.5 | AB49: 3 | AC49: =IF($A49="","\I:","NCAP_CHPR") -> NCAP_CHPR | AD49: FX | AH49: CSA | AI49: EP_Oil_DST-CHP | AJ49: 2 | AK49: 3 | AL49: NCAP_CHPR | AM49: UP
A50: EUR | B50: EP_Bio-CHP | C50: 0.77399505 | D50: 0.72937908 | E50: 0.67728473 | F50: 0.69019619 | G50: 0.62479518 | H50: 0.66937018 | I50: 0.66191929 | J50: 0.63754631 | K50: 0.76826767 | L50: 0.77942799 | M50: 0.83448705 | N50: 0.94185311 | O50: 0.98083077 | P50: 0.9989098 | Q50: 1.0661549 | R50: 1.0719096 | S50: 1.1105296 | Y50: =IF($A50="","\I:",A50) -> EUR | Z50: =B50 -> EP_Bio-CHP | AA50: =MAX(IFERROR(AVERAGE(R50:S50),$AF$1),$AF$1) -> 1.0912196 | AB50: 3 | AC50: =IF($A50="","\I:","NCAP_CHPR") -> NCAP_CHPR | AD50: FX | AH50: EUR | AI50: EP_Bio-CHP | AJ50: 2 | AK50: 3 | AL50: NCAP_CHPR | AM50: UP
A51: EUR | B51: EP_Coa-CHP | C51: 0.74090347 | D51: 0.69254159 | E51: 0.75841098 | F51: 0.75956555 | G51: 0.70483604 | H51: 0.68545849 | I51: 0.69859854 | J51: 0.69109923 | K51: 0.64655201 | L51: 0.6101183 | M51: 0.63779213 | N51: 0.64859275 | O51: 0.61519529 | P51: 0.62060187 | Q51: 0.62037927 | R51: 0.61010571 | S51: 0.62598221 | Y51: =IF($A51="","\I:",A51) -> EUR | Z51: =B51 -> EP_Coa-CHP | AA51: =MAX(IFERROR(AVERAGE(R51:S51),$AF$1),$AF$1) -> 0.61804396 | AB51: 3 | AC51: =IF($A51="","\I:","NCAP_CHPR") -> NCAP_CHPR | AD51: FX | AH51: EUR | AI51: EP_Coa-CHP | AJ51: 2 | AK51: 3 | AL51: NCAP_CHPR | AM51: UP
A52: EUR | B52: EP_Gas-CHP | C52: 0.89376184 | D52: 0.73072512 | E52: 0.83006826 | F52: 0.77269522 | G52: 0.75888993 | H52: 0.71361755 | I52: 0.70248907 | J52: 0.68003641 | K52: 0.66647696 | L52: 0.65886328 | M52: 0.66272669 | N52: 0.67399786 | O52: 0.66299176 | P52: 0.60699014 | Q52: 0.58694081 | R52: 0.56022104 | S52: 0.54470569 | Y52: =IF($A52="","\I:",A52) -> EUR | Z52: =B52 -> EP_Gas-CHP | AA52: =MAX(IFERROR(AVERAGE(R52:S52),$AF$1),$AF$1) -> 0.55246336 | AB52: 3 | AC52: =IF($A52="","\I:","NCAP_CHPR") -> NCAP_CHPR | AD52: FX | AH52: EUR | AI52: EP_Gas-CHP | AJ52: 2 | AK52: 3 | AL52: NCAP_CHPR | AM52: UP
A53: EUR | B53: EP_Geo-CHP | C53: 0.36176632 | D53: 0.35536016 | E53: 0.34093362 | F53: 0.31763532 | G53: 0.2683483 | H53: 0.29245185 | I53: 0.27246531 | J53: 0.26881203 | K53: 0.27108776 | L53: 0.30206449 | M53: 0.32371699 | N53: 0.10036441 | O53: 0.097453158 | P53: 0.12256482 | Q53: 0.15226613 | R53: 0.17429642 | S53: 0.1680034 | Y53: =IF($A53="","\I:",A53) -> EUR | Z53: =B53 -> EP_Geo-CHP | AA53: =MAX(IFERROR(AVERAGE(R53:S53),$AF$1),$AF$1) -> 0.25 | AB53: 3 | AC53: =IF($A53="","\I:","NCAP_CHPR") -> NCAP_CHPR | AD53: FX | AH53: EUR | AI53: EP_Geo-CHP | AJ53: 2 | AK53: 3 | AL53: NCAP_CHPR | AM53: UP
A54: EUR | B54: EP_Nuc-CHP | C54: 0.031725313 | D54: 0.036847118 | E54: 0.049186928 | F54: 0.044350641 | G54: 0.046287825 | H54: 0.04948317 | I54: 0.047443052 | J54: 0.055262958 | K54: 0.057177987 | L54: 0.050698247 | M54: 0.05110433 | N54: 0.049002236 | O54: 0.047632144 | P54: 0.046361796 | Q54: 0.049838547 | R54: 0.12502362 | S54: 0.12185668 | Y54: =IF($A54="","\I:",A54) -> EUR | Z54: =B54 -> EP_Nuc-CHP | AA54: =MAX(IFERROR(AVERAGE(R54:S54),$AF$1),$AF$1) -> 0.25 | AB54: 3 | AC54: =IF($A54="","\I:","NCAP_CHPR") -> NCAP_CHPR | AD54: FX | AH54: EUR | AI54: EP_Nuc-CHP | AJ54: 2 | AK54: 3 | AL54: NCAP_CHPR | AM54: UP
A55: EUR | B55: EP_Oil-CHP | C55: 0.58464532 | D55: 0.44862772 | E55: 0.80510434 | F55: 0.80650021 | G55: 1.0359096 | H55: 0.83749409 | I55: 0.80957761 | J55: 0.92544647 | K55: 0.88997667 | L55: 0.88075702 | M55: 0.79022282 | N55: 0.93198881 | O55: 0.79128608 | P55: 0.74811148 | Q55: 0.74826686 | R55: 0.8230515 | S55: 0.7497104 | Y55: =IF($A55="","\I:",A55) -> EUR | Z55: =B55 -> EP_Oil-CHP | AA55: =MAX(IFERROR(AVERAGE(R55:S55),$AF$1),$AF$1) -> 0.78638095 | AB55: 3 | AC55: =IF($A55="","\I:","NCAP_CHPR") -> NCAP_CHPR | AD55: FX | AH55: EUR | AI55: EP_Oil-CHP | AJ55: 2 | AK55: 3 | AL55: NCAP_CHPR | AM55: UP
A56: EUR | B56: EP_Oil_CRD-CHP | C56: 0 | D56: 0 | E56: 0 | F56: 0 | G56: 0 | H56: 0 | I56: 0 | J56: 0 | K56: 0 | L56: 0 | M56: 0 | N56: 0 | O56: 0 | P56: 0 | Q56: 0 | R56: 0 | S56: 0 | Y56: =IF($A56="","\I:",A56) -> EUR | Z56: =B56 -> EP_Oil_CRD-CHP | AA56: =MAX(IFERROR(AVERAGE(R56:S56),$AF$1),$AF$1) -> 0.25 | AB56: 3 | AC56: =IF($A56="","\I:","NCAP_CHPR") -> NCAP_CHPR | AD56: FX | AH56: EUR | AI56: EP_Oil_CRD-CHP | AJ56: 2 | AK56: 3 | AL56: NCAP_CHPR | AM56: UP
A57: EUR | B57: EP_Oil_DST-CHP | C57: 0.28959666 | D57: 0.35512632 | E57: 0.53983335 | F57: 0.62229446 | G57: 0.15720889 | H57: 0.23417878 | I57: 0.41630867 | J57: 0.50115562 | K57: 0.76918075 | L57: 0.53174169 | M57: 0.71071541 | N57: 0.53049365 | O57: 0.27337089 | P57: 0.47348342 | Q57: 0.68684258 | R57: 0.58499688 | S57: 0.82987912 | Y57: =IF($A57="","\I:",A57) -> EUR | Z57: =B57 -> EP_Oil_DST-CHP | AA57: =MAX(IFERROR(AVERAGE(R57:S57),$AF$1),$AF$1) -> 0.707438 | AB57: 3 | AC57: =IF($A57="","\I:","NCAP_CHPR") -> NCAP_CHPR | AD57: FX | AH57: EUR | AI57: EP_Oil_DST-CHP | AJ57: 2 | AK57: 3 | AL57: NCAP_CHPR | AM57: UP
A58: EUR | B58: EP_Was-CHP | C58: 1.191263 | D58: 0.78948543 | E58: 0.82041212 | F58: 0.86979718 | G58: 0.73989462 | H58: 0.59774884 | I58: 0.59906535 | J58: 0.54903495 | K58: 0.49998296 | L58: 0.50802622 | M58: 0.44665783 | N58: 0.4302429 | O58: 0.42788211 | P58: 0.43609763 | Q58: 0.43821668 | R58: 0.43338908 | S58: 0.4648172 | Y58: =IF($A58="","\I:",A58) -> EUR | Z58: =B58 -> EP_Was-CHP | AA58: =MAX(IFERROR(AVERAGE(R58:S58),$AF$1),$AF$1) -> 0.44910314 | AB58: 3 | AC58: =IF($A58="","\I:","NCAP_CHPR") -> NCAP_CHPR | AD58: FX | AH58: EUR | AI58: EP_Was-CHP | AJ58: 2 | AK58: 3 | AL58: NCAP_CHPR | AM58: UP
A59: IND | B59: EP_Bio-CHP | S59: 1.5 | Y59: =IF($A59="","\I:",A59) -> IND | Z59: =B59 -> EP_Bio-CHP | AA59: =MAX(IFERROR(AVERAGE(R59:S59),$AF$1),$AF$1) -> 1.5 | AB59: 3 | AC59: =IF($A59="","\I:","NCAP_CHPR") -> NCAP_CHPR | AD59: FX | AH59: IND | AI59: EP_Bio-CHP | AJ59: 2 | AK59: 3 | AL59: NCAP_CHPR | AM59: UP
A60: IND | B60: EP_Coa-CHP | S60: 1.5 | Y60: =IF($A60="","\I:",A60) -> IND | Z60: =B60 -> EP_Coa-CHP | AA60: =MAX(IFERROR(AVERAGE(R60:S60),$AF$1),$AF$1) -> 1.5 | AB60: 3 | AC60: =IF($A60="","\I:","NCAP_CHPR") -> NCAP_CHPR | AD60: FX | AH60: IND | AI60: EP_Coa-CHP | AJ60: 2 | AK60: 3 | AL60: NCAP_CHPR | AM60: UP
A61: IND | B61: EP_Gas-CHP | S61: 1.5 | Y61: =IF($A61="","\I:",A61) -> IND | Z61: =B61 -> EP_Gas-CHP | AA61: =MAX(IFERROR(AVERAGE(R61:S61),$AF$1),$AF$1) -> 1.5 | AB61: 3 | AC61: =IF($A61="","\I:","NCAP_CHPR") -> NCAP_CHPR | AD61: FX | AH61: IND | AI61: EP_Gas-CHP | AJ61: 2 | AK61: 3 | AL61: NCAP_CHPR | AM61: UP
A62: IND | B62: EP_Oil-CHP | S62: 1.5 | Y62: =IF($A62="","\I:",A62) -> IND | Z62: =B62 -> EP_Oil-CHP | AA62: =MAX(IFERROR(AVERAGE(R62:S62),$AF$1),$AF$1) -> 1.5 | AB62: 3 | AC62: =IF($A62="","\I:","NCAP_CHPR") -> NCAP_CHPR | AD62: FX | AH62: IND | AI62: EP_Oil-CHP | AJ62: 2 | AK62: 3 | AL62: NCAP_CHPR | AM62: UP
A63: IND | B63: EP_Oil_DST-CHP | S63: 1.5 | Y63: =IF($A63="","\I:",A63) -> IND | Z63: =B63 -> EP_Oil_DST-CHP | AA63: =MAX(IFERROR(AVERAGE(R63:S63),$AF$1),$AF$1) -> 1.5 | AB63: 3 | AC63: =IF($A63="","\I:","NCAP_CHPR") -> NCAP_CHPR | AD63: FX | AH63: IND | AI63: EP_Oil_DST-CHP | AJ63: 2 | AK63: 3 | AL63: NCAP_CHPR | AM63: UP
A64: IND | B64: EP_Sol-CHP | S64: 1.5 | Y64: =IF($A64="","\I:",A64) -> IND | Z64: =B64 -> EP_Sol-CHP | AA64: =MAX(IFERROR(AVERAGE(R64:S64),$AF$1),$AF$1) -> 1.5 | AB64: 3 | AC64: =IF($A64="","\I:","NCAP_CHPR") -> NCAP_CHPR | AD64: FX | AH64: IND | AI64: EP_Sol-CHP | AJ64: 2 | AK64: 3 | AL64: NCAP_CHPR | AM64: UP
A65: IND | B65: EP_Was-CHP | S65: 1.5 | Y65: =IF($A65="","\I:",A65) -> IND | Z65: =B65 -> EP_Was-CHP | AA65: =MAX(IFERROR(AVERAGE(R65:S65),$AF$1),$AF$1) -> 1.5 | AB65: 3 | AC65: =IF($A65="","\I:","NCAP_CHPR") -> NCAP_CHPR | AD65: FX | AH65: IND | AI65: EP_Was-CHP | AJ65: 2 | AK65: 3 | AL65: NCAP_CHPR | AM65: UP
A66: JPN | B66: EP_Bio-CHP | S66: 1.5 | Y66: =IF($A66="","\I:",A66) -> JPN | Z66: =B66 -> EP_Bio-CHP | AA66: =MAX(IFERROR(AVERAGE(R66:S66),$AF$1),$AF$1) -> 1.5 | AB66: 3 | AC66: =IF($A66="","\I:","NCAP_CHPR") -> NCAP_CHPR | AD66: FX | AH66: JPN | AI66: EP_Bio-CHP | AJ66: 2 | AK66: 3 | AL66: NCAP_CHPR | AM66: UP
A67: JPN | B67: EP_Coa-CHP | S67: 1.5 | Y67: =IF($A67="","\I:",A67) -> JPN | Z67: =B67 -> EP_Coa-CHP | AA67: =MAX(IFERROR(AVERAGE(R67:S67),$AF$1),$AF$1) -> 1.5 | AB67: 3 | AC67: =IF($A67="","\I:","NCAP_CHPR") -> NCAP_CHPR | AD67: FX | AH67: JPN | AI67: EP_Coa-CHP | AJ67: 2 | AK67: 3 | AL67: NCAP_CHPR | AM67: UP
A68: JPN | B68: EP_CoaG-CHP | S68: 1.5 | Y68: =IF($A68="","\I:",A68) -> JPN | Z68: =B68 -> EP_CoaG-CHP | AA68: =MAX(IFERROR(AVERAGE(R68:S68),$AF$1),$AF$1) -> 1.5 | AB68: 3 | AC68: =IF($A68="","\I:","NCAP_CHPR") -> NCAP_CHPR | AD68: FX | AH68: JPN | AI68: EP_CoaG-CHP | AJ68: 2 | AK68: 3 | AL68: NCAP_CHPR | AM68: UP
A69: JPN | B69: EP_Gas-CHP | S69: 1.5 | Y69: =IF($A69="","\I:",A69) -> JPN | Z69: =B69 -> EP_Gas-CHP | AA69: =MAX(IFERROR(AVERAGE(R69:S69),$AF$1),$AF$1) -> 1.5 | AB69: 3 | AC69: =IF($A69="","\I:","NCAP_CHPR") -> NCAP_CHPR | AD69: FX | AH69: JPN | AI69: EP_Gas-CHP | AJ69: 2 | AK69: 3 | AL69: NCAP_CHPR | AM69: UP
A70: JPN | B70: EP_Geo-CHP | S70: 1.5 | Y70: =IF($A70="","\I:",A70) -> JPN | Z70: =B70 -> EP_Geo-CHP | AA70: =MAX(IFERROR(AVERAGE(R70:S70),$AF$1),$AF$1) -> 1.5 | AB70: 3 | AC70: =IF($A70="","\I:","NCAP_CHPR") -> NCAP_CHPR | AD70: FX | AH70: JPN | AI70: EP_Geo-CHP | AJ70: 2 | AK70: 3 | AL70: NCAP_CHPR | AM70: UP
... A80: MID | B80: EP_Was-CHP | S80: 1.5 | Y80: =IF($A80="","\I:",A80) -> MID | Z80: =B80 -> EP_Was-CHP | AA80: =MAX(IFERROR(AVERAGE(R80:S80),$AF$1),$AF$1) -> 1.5 | AB80: 3 | AC80: =IF($A80="","\I:","NCAP_CHPR") -> NCAP_CHPR | AD80: FX | AH80: MID | AI80: EP_Was-CHP | AJ80: 2 | AK80: 3 | AL80: NCAP_CHPR | AM80: UP
A81: MXC | B81: EP_Bio-CHP | C81: 0 | D81: 0 | E81: 0 | F81: 0 | G81: 0 | H81: 0 | I81: 0 | J81: 0 | K81: 0 | L81: 0 | M81: 0 | N81: 0 | O81: 0 | P81: 0 | Q81: 0 | R81: 0 | S81: 0 | Y81: =IF($A81="","\I:",A81) -> MXC | Z81: =B81 -> EP_Bio-CHP | AA81: =MAX(IFERROR(AVERAGE(R81:S81),$AF$1),$AF$1) -> 0.25 | AB81: 3 | AC81: =IF($A81="","\I:","NCAP_CHPR") -> NCAP_CHPR | AD81: FX | AH81: MXC | AI81: EP_Bio-CHP | AJ81: 2 | AK81: 3 | AL81: NCAP_CHPR | AM81: UP
A82: MXC | B82: EP_Coa-CHP | S82: 1.5 | Y82: =IF($A82="","\I:",A82) -> MXC | Z82: =B82 -> EP_Coa-CHP | AA82: =MAX(IFERROR(AVERAGE(R82:S82),$AF$1),$AF$1) -> 1.5 | AB82: 3 | AC82: =IF($A82="","\I:","NCAP_CHPR") -> NCAP_CHPR | AD82: FX | AH82: MXC | AI82: EP_Coa-CHP | AJ82: 2 | AK82: 3 | AL82: NCAP_CHPR | AM82: UP
A83: MXC | B83: EP_Gas-CHP | C83: 0 | D83: 0 | E83: 0 | F83: 0 | G83: 0 | H83: 0 | I83: 0 | J83: 0 | K83: 0 | L83: 0 | M83: 0 | N83: 0 | O83: 0 | P83: 0 | Q83: 0 | R83: 0 | S83: 0 | Y83: =IF($A83="","\I:",A83) -> MXC | Z83: =B83 -> EP_Gas-CHP | AA83: =MAX(IFERROR(AVERAGE(R83:S83),$AF$1),$AF$1) -> 0.25 | AB83: 3 | AC83: =IF($A83="","\I:","NCAP_CHPR") -> NCAP_CHPR | AD83: FX | AH83: MXC | AI83: EP_Gas-CHP | AJ83: 2 | AK83: 3 | AL83: NCAP_CHPR | AM83: UP
A84: MXC | B84: EP_Oil-CHP | C84: 0 | D84: 0 | E84: 0 | F84: 0 | G84: 0 | H84: 0 | I84: 0 | J84: 0 | K84: 0 | L84: 0 | M84: 0 | N84: 0 | O84: 0 | P84: 0 | Q84: 0 | R84: 0 | S84: 0 | Y84: =IF($A84="","\I:",A84) -> MXC | Z84: =B84 -> EP_Oil-CHP | AA84: =MAX(IFERROR(AVERAGE(R84:S84),$AF$1),$AF$1) -> 0.25 | AB84: 3 | AC84: =IF($A84="","\I:","NCAP_CHPR") -> NCAP_CHPR | AD84: FX | AH84: MXC | AI84: EP_Oil-CHP | AJ84: 2 | AK84: 3 | AL84: NCAP_CHPR | AM84: UP
A85: MXC | B85: EP_Oil_DST-CHP | C85: 0 | D85: 0 | E85: 0 | F85: 0 | G85: 0 | H85: 0 | I85: 0 | J85: 0 | K85: 0 | L85: 0 | M85: 0 | N85: 0 | O85: 0 | P85: 0 | Q85: 0 | R85: 0 | S85: 0 | Y85: =IF($A85="","\I:",A85) -> MXC | Z85: =B85 -> EP_Oil_DST-CHP | AA85: =MAX(IFERROR(AVERAGE(R85:S85),$AF$1),$AF$1) -> 0.25 | AB85: 3 | AC85: =IF($A85="","\I:","NCAP_CHPR") -> NCAP_CHPR | AD85: FX | AH85: MXC | AI85: EP_Oil_DST-CHP | AJ85: 2 | AK85: 3 | AL85: NCAP_CHPR | AM85: UP
A86: MXC | B86: EP_Was-CHP | I86: 0 | J86: 0 | K86: 0 | L86: 0 | M86: 0 | N86: 0 | O86: 0 | P86: 0 | Q86: 0 | R86: 0 | S86: 0 | Y86: =IF($A86="","\I:",A86) -> MXC | Z86: =B86 -> EP_Was-CHP | AA86: =MAX(IFERROR(AVERAGE(R86:S86),$AF$1),$AF$1) -> 0.25 | AB86: 3 | AC86: =IF($A86="","\I:","NCAP_CHPR") -> NCAP_CHPR | AD86: FX | AH86: MXC | AI86: EP_Was-CHP | AJ86: 2 | AK86: 3 | AL86: NCAP_CHPR | AM86: UP
A87: OAS | B87: EP_Bio-CHP | F87: 0.043899147 | G87: 0.036938106 | H87: 0.045471691 | I87: 0.049305934 | J87: 0.046352682 | K87: 0.057177157 | L87: 0.048337249 | M87: 0.087635203 | N87: 0.063054396 | O87: 0.054286597 | P87: 0.069194217 | Q87: 0.08401696 | R87: 0.089877581 | S87: 0.14428804 | Y87: =IF($A87="","\I:",A87) -> OAS | Z87: =B87 -> EP_Bio-CHP | AA87: =MAX(IFERROR(AVERAGE(R87:S87),$AF$1),$AF$1) -> 0.25 | AB87: 3 | AC87: =IF($A87="","\I:","NCAP_CHPR") -> NCAP_CHPR | AD87: FX | AH87: OAS | AI87: EP_Bio-CHP | AJ87: 2 | AK87: 3 | AL87: NCAP_CHPR | AM87: UP
A88: OAS | B88: EP_Coa-CHP | C88: 0.27761158 | D88: 0.24439392 | E88: 0.2567021 | F88: 0.55924986 | G88: 0.57914769 | H88: 0.64414376 | I88: 0.68493217 | J88: 0.73221849 | K88: 0.74885525 | L88: 0.70255424 | M88: 0.79705134 | N88: 0.75584799 | O88: 0.71506576 | P88: 0.77232491 | Q88: 0.80172201 | R88: 0.79298385 | S88: 0.96002612 | Y88: =IF($A88="","\I:",A88) -> OAS | Z88: =B88 -> EP_Coa-CHP | AA88: =MAX(IFERROR(AVERAGE(R88:S88),$AF$1),$AF$1) -> 0.87650499 | AB88: 3 | AC88: =IF($A88="","\I:","NCAP_CHPR") -> NCAP_CHPR | AD88: FX | AH88: OAS | AI88: EP_Coa-CHP | AJ88: 2 | AK88: 3 | AL88: NCAP_CHPR | AM88: UP
A89: OAS | B89: EP_Gas-CHP | C89: 0 | D89: 0 | E89: 0 | F89: 0.14886684 | G89: 0.17207466 | H89: 0.1804642 | I89: 0.20289385 | J89: 0.1796935 | K89: 0.20986598 | L89: 0.28268697 | M89: 0.25077933 | N89: 0.14712242 | O89: 0.20857681 | P89: 0.19232838 | Q89: 0.14735564 | R89: 0.15237165 | S89: 0.25286242 | Y89: =IF($A89="","\I:",A89) -> OAS | Z89: =B89 -> EP_Gas-CHP | AA89: =MAX(IFERROR(AVERAGE(R89:S89),$AF$1),$AF$1) -> 0.25 | AB89: 3 | AC89: =IF($A89="","\I:","NCAP_CHPR") -> NCAP_CHPR | AD89: FX | AH89: OAS | AI89: EP_Gas-CHP | AJ89: 2 | AK89: 3 | AL89: NCAP_CHPR | AM89: UP
A90: OAS | B90: EP_Oil-CHP | C90: 0.013398811 | D90: 0.017442906 | E90: 0.013726761 | F90: 0.35015124 | G90: 0.38386856 | H90: 0.48952086 | I90: 0.46579885 | J90: 0.51760934 | K90: 0.65789385 | L90: 0.59865488 | M90: 0.68588829 | N90: 0.49311587 | O90: 0.45399571 | P90: 0.49878129 | Q90: 0.54564024 | R90: 0.4698175 | S90: 0.90704961 | Y90: =IF($A90="","\I:",A90) -> OAS | Z90: =B90 -> EP_Oil-CHP | AA90: =MAX(IFERROR(AVERAGE(R90:S90),$AF$1),$AF$1) -> 0.68843356 | AB90: 3 | AC90: =IF($A90="","\I:","NCAP_CHPR") -> NCAP_CHPR | AD90: FX | AH90: OAS | AI90: EP_Oil-CHP | AJ90: 2 | AK90: 3 | AL90: NCAP_CHPR | AM90: UP
A91: OAS | B91: EP_Oil_DST-CHP | F91: 1.0466441 | G91: 0 | H91: 0 | I91: 3.2071625 | J91: 0 | K91: 0 | L91: 0 | M91: 0 | N91: 0 | O91: 0 | P91: 0 | Q91: 0 | R91: 0 | S91: 0 | Y91: =IF($A91="","\I:",A91) -> OAS | Z91: =B91 -> EP_Oil_DST-CHP | AA91: =MAX(IFERROR(AVERAGE(R91:S91),$AF$1),$AF$1) -> 0.25 | AB91: 3 | AC91: =IF($A91="","\I:","NCAP_CHPR") -> NCAP_CHPR | AD91: FX | AH91: OAS | AI91: EP_Oil_DST-CHP | AJ91: 2 | AK91: 3 | AL91: NCAP_CHPR | AM91: UP
A92: OAS | B92: EP_Was-CHP | F92: 0.2162606 | G92: 0.26193013 | H92: 0.31071643 | I92: 0.2923217 | J92: 0.32766444 | K92: 0.33068883 | L92: 0.35378646 | M92: 0.3830267 | N92: 0.33698841 | O92: 0.31528556 | P92: 0.33259947 | Q92: 0.32358839 | R92: 0.33817779 | S92: 0.50473377 | Y92: =IF($A92="","\I:",A92) -> OAS | Z92: =B92 -> EP_Was-CHP | AA92: =MAX(IFERROR(AVERAGE(R92:S92),$AF$1),$AF$1) -> 0.42145578 | AB92: 3 | AC92: =IF($A92="","\I:","NCAP_CHPR") -> NCAP_CHPR | AD92: FX | AH92: OAS | AI92: EP_Was-CHP | AJ92: 2 | AK92: 3 | AL92: NCAP_CHPR | AM92: UP
A93: RUS | B93: EP_Bio-CHP | C93: 0.86376985 | D93: 0.99052474 | E93: 3.7924945 | F93: 1.2683932 | G93: 1.2589381 | H93: 0.848562 | I93: 1.128709 | J93: 1.1540233 | K93: 0.98172833 | L93: 0.96872967 | M93: 0.91712701 | N93: 0.94667511 | O93: 1.3361173 | P93: 1.3368957 | Q93: 1.1659384 | R93: 0.43490553 | S93: 0.80202652 | Y93: =IF($A93="","\I:",A93) -> RUS | Z93: =B93 -> EP_Bio-CHP | AA93: =MAX(IFERROR(AVERAGE(R93:S93),$AF$1),$AF$1) -> 0.61846603 | AB93: 3 | AC93: =IF($A93="","\I:","NCAP_CHPR") -> NCAP_CHPR | AD93: FX | AH93: RUS | AI93: EP_Bio-CHP | AJ93: 2 | AK93: 3 | AL93: NCAP_CHPR | AM93: UP
A94: RUS | B94: EP_Coa-CHP | C94: 2.0642307 | D94: 1.8742097 | E94: 1.9315276 | F94: 1.4154847 | G94: 1.3717286 | H94: 1.2680135 | I94: 1.2673896 | J94: 1.2831867 | K94: 1.3972875 | L94: 1.4455948 | M94: 1.350196 | N94: 1.151264 | O94: 1.1761063 | P94: 1.2504441 | Q94: 1.1380373 | R94: 1.2288145 | S94: 1.2903069 | Y94: =IF($A94="","\I:",A94) -> RUS | Z94: =B94 -> EP_Coa-CHP | AA94: =MAX(IFERROR(AVERAGE(R94:S94),$AF$1),$AF$1) -> 1.2595607 | AB94: 3 | AC94: =IF($A94="","\I:","NCAP_CHPR") -> NCAP_CHPR | AD94: FX | AH94: RUS | AI94: EP_Coa-CHP | AJ94: 2 | AK94: 3 | AL94: NCAP_CHPR | AM94: UP
A95: RUS | B95: EP_CoaG-CHP | S95: 1.5 | Y95: =IF($A95="","\I:",A95) -> RUS | Z95: =B95 -> EP_CoaG-CHP | AA95: =MAX(IFERROR(AVERAGE(R95:S95),$AF$1),$AF$1) -> 1.5 | AB95: 3 | AC95: =IF($A95="","\I:","NCAP_CHPR") -> NCAP_CHPR | AD95: FX | AH95: RUS | AI95: EP_CoaG-CHP | AJ95: 2 | AK95: 3 | AL95: NCAP_CHPR | AM95: UP
A96: RUS | B96: EP_Gas-CHP | C96: 1.4253387 | D96: 1.3768194 | E96: 1.3437582 | F96: 1.212271 | G96: 1.2148408 | H96: 1.12913 | I96: 1.0822562 | J96: 1.0125837 | K96: 1.0795517 | L96: 1.1765984 | M96: 1.2145885 | N96: 1.2632068 | O96: 1.2834339 | P96: 1.2001616 | Q96: 1.2597492 | R96: 1.2318894 | S96: 1.254586 | Y96: =IF($A96="","\I:",A96) -> RUS | Z96: =B96 -> EP_Gas-CHP | AA96: =MAX(IFERROR(AVERAGE(R96:S96),$AF$1),$AF$1) -> 1.2432377 | AB96: 3 | AC96: =IF($A96="","\I:","NCAP_CHPR") -> NCAP_CHPR | AD96: FX | AH96: RUS | AI96: EP_Gas-CHP | AJ96: 2 | AK96: 3 | AL96: NCAP_CHPR | AM96: UP
A97: RUS | B97: EP_Nuc-CHP | S97: 1.5 | Y97: =IF($A97="","\I:",A97) -> RUS | Z97: =B97 -> EP_Nuc-CHP | AA97: =MAX(IFERROR(AVERAGE(R97:S97),$AF$1),$AF$1) -> 1.5 | AB97: 3 | AC97: =IF($A97="","\I:","NCAP_CHPR") -> NCAP_CHPR | AD97: FX | AH97: RUS | AI97: EP_Nuc-CHP | AJ97: 2 | AK97: 3 | AL97: NCAP_CHPR | AM97: UP
A98: RUS | B98: EP_Oil-CHP | C98: 1.6985046 | D98: 1.8133523 | E98: 1.6963505 | F98: 1.6777897 | G98: 1.6354304 | H98: 1.6591926 | I98: 1.5275803 | J98: 1.4524221 | K98: 1.9079735 | L98: 0.96486228 | M98: 1.025244 | N98: 1.3907237 | O98: 0.72592339 | P98: 0.93911648 | Q98: 0.88933136 | R98: 5.0443181 | S98: 5.0323696 | Y98: =IF($A98="","\I:",A98) -> RUS | Z98: =B98 -> EP_Oil-CHP | AA98: =MAX(IFERROR(AVERAGE(R98:S98),$AF$1),$AF$1) -> 5.0383438 | AB98: 3 | AC98: =IF($A98="","\I:","NCAP_CHPR") -> NCAP_CHPR | AD98: FX | AH98: RUS | AI98: EP_Oil-CHP | AJ98: 2 | AK98: 3 | AL98: NCAP_CHPR | AM98: UP
A99: RUS | B99: EP_Oil_DST-CHP | E99: 3.7186151 | F99: 3.7816845 | G99: 3.9691593 | H99: 3.5164853 | I99: 3.7490454 | J99: 4.0882513 | K99: 4.170795 | L99: 3.8970433 | M99: 3.996863 | N99: 4.4345822 | O99: 3.2521042 | P99: 2.696452 | Q99: 1.1520438 | R99: 0.63155694 | S99: 0.46433969 | Y99: =IF($A99="","\I:",A99) -> RUS | Z99: =B99 -> EP_Oil_DST-CHP | AA99: =MAX(IFERROR(AVERAGE(R99:S99),$AF$1),$AF$1) -> 0.54794832 | AB99: 3 | AC99: =IF($A99="","\I:","NCAP_CHPR") -> NCAP_CHPR | AD99: FX | AH99: RUS | AI99: EP_Oil_DST-CHP | AJ99: 2 | AK99: 3 | AL99: NCAP_CHPR | AM99: UP
A100: RUS | B100: EP_Was-CHP | C100: 2.0463823 | D100: 2.1796811 | E100: 3.9471196 | F100: 2.4556687 | G100: 2.5771447 | H100: 2.0828095 | I100: 2.2769309 | J100: 2.326006 | K100: 2.2111059 | L100: 2.1896582 | M100: 1.9110822 | N100: 1.9486886 | O100: 1.7776603 | P100: 2.1910726 | Q100: 3.0231148 | R100: 3.4418365 | S100: 5.1354686 | Y100: =IF($A100="","\I:",A100) -> RUS | Z100: =B100 -> EP_Was-CHP | AA100: =MAX(IFERROR(AVERAGE(R100:S100),$AF$1),$AF$1) -> 4.2886526 | AB100: 3 | AC100: =IF($A100="","\I:","NCAP_CHPR") -> NCAP_CHPR | AD100: FX | AH100: RUS | AI100: EP_Was-CHP | AJ100: 2 | AK100: 3 | AL100: NCAP_CHPR | AM100: UP
A101: SKO | B101: EP_Bio-CHP | I101: 81.932053 | J101: 16.135252 | K101: 22.756444 | L101: 5.2233455 | M101: 6.1654878 | N101: 4.6381192 | O101: 3.3822361 | P101: 3.9233237 | Q101: 4.8799586 | R101: 4.781575 | S101: 4.9392328 | Y101: =IF($A101="","\I:",A101) -> SKO | Z101: =B101 -> EP_Bio-CHP | AA101: =MAX(IFERROR(AVERAGE(R101:S101),$AF$1),$AF$1) -> 4.8604039 | AB101: 3 | AC101: =IF($A101="","\I:","NCAP_CHPR") -> NCAP_CHPR | AD101: FX | AH101: SKO | AI101: EP_Bio-CHP | AJ101: 2 | AK101: 3 | AL101: NCAP_CHPR | AM101: UP
A102: SKO | B102: EP_Coa-CHP | C102: 0.72264152 | D102: 0.61267814 | E102: 0.63143733 | F102: 0.65114999 | G102: 0.74385694 | H102: 0.62938926 | I102: 0.68158939 | J102: 0.94721791 | K102: 0.81652449 | L102: 0.84219959 | M102: 0.7810017 | N102: 0.89491117 | O102: 1.0174979 | P102: 1.0523642 | Q102: 1.2562421 | R102: 1.1151284 | S102: 1.0549879 | Y102: =IF($A102="","\I:",A102) -> SKO | Z102: =B102 -> EP_Coa-CHP | AA102: =MAX(IFERROR(AVERAGE(R102:S102),$AF$1),$AF$1) -> 1.0850581 | AB102: 3 | AC102: =IF($A102="","\I:","NCAP_CHPR") -> NCAP_CHPR | AD102: FX | AH102: SKO | AI102: EP_Coa-CHP | AJ102: 2 | AK102: 3 | AL102: NCAP_CHPR | AM102: UP
A103: SKO | B103: EP_Gas-CHP | C103: 0.77684149 | D103: 0.93557094 | E103: 0.82960812 | F103: 0.90244482 | G103: 0.76466952 | H103: 0.86459454 | I103: 0.9647036 | J103: 1.0221626 | K103: 0.83131803 | L103: 0.82408194 | M103: 0.78908196 | N103: 0.67098688 | O103: 0.7771743 | P103: 0.81589481 | Q103: 0.57318622 | R103: 0.63133479 | S103: 0.63217227 | Y103: =IF($A103="","\I:",A103) -> SKO | Z103: =B103 -> EP_Gas-CHP | AA103: =MAX(IFERROR(AVERAGE(R103:S103),$AF$1),$AF$1) -> 0.63175353 | AB103: 3 | AC103: =IF($A103="","\I:","NCAP_CHPR") -> NCAP_CHPR | AD103: FX | AH103: SKO | AI103: EP_Gas-CHP | AJ103: 2 | AK103: 3 | AL103: NCAP_CHPR | AM103: UP
A104: SKO | B104: EP_Oil-CHP | C104: 1.1699668 | D104: 1.827938 | E104: 3.5718252 | F104: 4.5392125 | G104: 5.0209811 | H104: 5.5200873 | I104: 6.2946595 | J104: 3.7718055 | K104: 2.9033186 | L104: 3.477803 | M104: 3.1852408 | N104: 1.9489517 | O104: 1.1269602 | P104: 3.3697038 | Q104: 2.4156292 | R104: 2.2728908 | S104: 2.1355693 | Y104: =IF($A104="","\I:",A104) -> SKO | Z104: =B104 -> EP_Oil-CHP | AA104: =MAX(IFERROR(AVERAGE(R104:S104),$AF$1),$AF$1) -> 2.2042301 | AB104: 3 | AC104: =IF($A104="","\I:","NCAP_CHPR") -> NCAP_CHPR | AD104: FX | AH104: SKO | AI104: EP_Oil-CHP | AJ104: 2 | AK104: 3 | AL104: NCAP_CHPR | AM104: UP
A105: SKO | B105: EP_Oil_DST-CHP | C105: 1.3727188 | D105: 2.8987582 | E105: 0 | F105: 1.0462387 | G105: 0.85167514 | H105: 0 | J105: 1.2252481 | K105: 0.93021265 | L105: 0 | M105: 0 | S105: 0 | Y105: =IF($A105="","\I:",A105) -> SKO | Z105: =B105 -> EP_Oil_DST-CHP | AA105: =MAX(IFERROR(AVERAGE(R105:S105),$AF$1),$AF$1) -> 0.25 | AB105: 3 | AC105: =IF($A105="","\I:","NCAP_CHPR") -> NCAP_CHPR | AD105: FX | AH105: SKO | AI105: EP_Oil_DST-CHP | AJ105: 2 | AK105: 3 | AL105: NCAP_CHPR | AM105: UP
A106: SKO | B106: EP_Was-CHP | C106: 7.1571237 | D106: 7.5747998 | E106: 4.7641089 | F106: 2.7026861 | G106: 2.392294 | H106: 3.0526022 | I106: 5.8849103 | J106: 3.0303564 | K106: 1.5682245 | L106: 2.1759366 | M106: 2.1071092 | N106: 0.91367689 | O106: 0.97016726 | P106: 0.82336453 | Q106: 1.0205919 | R106: 2.5455706 | S106: 2.1006443 | Y106: =IF($A106="","\I:",A106) -> SKO | Z106: =B106 -> EP_Was-CHP | AA106: =MAX(IFERROR(AVERAGE(R106:S106),$AF$1),$AF$1) -> 2.3231075 | AB106: 3 | AC106: =IF($A106="","\I:","NCAP_CHPR") -> NCAP_CHPR | AD106: FX | AH106: SKO | AI106: EP_Was-CHP | AJ106: 2 | AK106: 3 | AL106: NCAP_CHPR | AM106: UP
A107: URA | B107: EP_Bio-CHP | C107: 4.8172835 | D107: 5.9725301 | E107: 2.8753913 | F107: 1.4347762 | G107: 1.1124181 | H107: 1.7708707 | I107: 0.87697904 | J107: 2.8866052 | K107: 1.8165772 | L107: 1.7524892 | M107: 1.8317216 | N107: 2.0054553 | O107: 1.6835969 | P107: 1.5637588 | Q107: 1.0262696 | R107: 1.0935705 | S107: 0.77780014 | Y107: =IF($A107="","\I:",A107) -> URA | Z107: =B107 -> EP_Bio-CHP | AA107: =MAX(IFERROR(AVERAGE(R107:S107),$AF$1),$AF$1) -> 0.93568535 | AB107: 3 | AC107: =IF($A107="","\I:","NCAP_CHPR") -> NCAP_CHPR | AD107: FX | AH107: URA | AI107: EP_Bio-CHP | AJ107: 2 | AK107: 3 | AL107: NCAP_CHPR | AM107: UP
A108: URA | B108: EP_Coa-CHP | C108: 2.2064165 | D108: 2.1427278 | E108: 2.1366919 | F108: 1.7253369 | G108: 1.5937974 | H108: 1.7149688 | I108: 1.7588431 | J108: 1.9512662 | K108: 1.8672711 | L108: 1.7596356 | M108: 1.9266943 | N108: 1.6954542 | O108: 1.9223015 | P108: 2.0405824 | Q108: 1.7782287 | R108: 1.8191119 | S108: 1.7809885 | Y108: =IF($A108="","\I:",A108) -> URA | Z108: =B108 -> EP_Coa-CHP | AA108: =MAX(IFERROR(AVERAGE(R108:S108),$AF$1),$AF$1) -> 1.8000502 | AB108: 3 | AC108: =IF($A108="","\I:","NCAP_CHPR") -> NCAP_CHPR | AD108: FX | AH108: URA | AI108: EP_Coa-CHP | AJ108: 2 | AK108: 3 | AL108: NCAP_CHPR | AM108: UP
A109: URA | B109: EP_Gas-CHP | C109: 1.3392133 | D109: 1.2542449 | E109: 1.1768281 | F109: 1.4356286 | G109: 1.3306718 | H109: 1.5515999 | I109: 1.4004422 | J109: 1.064908 | K109: 1.2622127 | L109: 1.1996128 | M109: 1.1215078 | N109: 1.0371431 | O109: 1.0877199 | P109: 1.0782668 | Q109: 1.0246991 | R109: 0.96001414 | S109: 0.93898345 | Y109: =IF($A109="","\I:",A109) -> URA | Z109: =B109 -> EP_Gas-CHP | AA109: =MAX(IFERROR(AVERAGE(R109:S109),$AF$1),$AF$1) -> 0.9494988 | AB109: 3 | AC109: =IF($A109="","\I:","NCAP_CHPR") -> NCAP_CHPR | AD109: FX | AH109: URA | AI109: EP_Gas-CHP | AJ109: 2 | AK109: 3 | AL109: NCAP_CHPR | AM109: UP
...

Sheet CHP_shares
B3: ~TFM_INS-TS
B4: attribute | C4: Region | D4: Other_indexes | E4: PSET_CI | F4: PSET_CO | G4: CSET_CN | H4: limtype | I4: 2025 | J4: 2050 | K4: 0
B5: PRC_MARK | C5: CAN | D5: shugnbm-3 | E5: ELCBIO,ELCWAS | F5: HET | G5: HET | H5: LO | I5: 0 | J5: 0 | K5: 3
B6: PRC_MARK | C6: CAN | D6: shugncl-3 | E6: ELCCOA* | F6: HET | G6: HET | H6: LO | I6: 0 | J6: 0 | K6: 3
B7: PRC_MARK | C7: CAN | D7: shugnds-3 | E7: ELCOIL_DST | F7: HET | G7: HET | H7: LO | I7: 0 | J7: 0 | K7: 3
B8: PRC_MARK | C8: CAN | D8: shugnng-3 | E8: ELCGAS | F8: HET | G8: HET | H8: LO | I8: 0.89739092 | J8: 0.19942021 | K8: 3
B9: PRC_MARK | C9: CAN | D9: shugnrs-3 | E9: ELCOIL | F9: HET | G9: HET | H9: LO | I9: 0.0026090761 | J9: 0.00057979469 | K9: 3
B10: PRC_MARK | C10: CHI | D10: shugnbm-3 | E10: ELCBIO,ELCWAS | F10: HET | G10: HET | H10: LO | I10: 0 | J10: 0 | K10: 3
B11: PRC_MARK | C11: CHI | D11: shugncl-3 | E11: ELCCOA* | F11: HET | G11: HET | H11: LO | I11: 0.78661783 | J11: 0.17480396 | K11: 3
B12: PRC_MARK | C12: CHI | D12: shugnds-3 | E12: ELCOIL_DST | F12: HET | G12: HET | H12: LO | I12: 0 | J12: 0 | K12: 3
B13: PRC_MARK | C13: CHI | D13: shugnng-3 | E13: ELCGAS | F13: HET | G13: HET | H13: LO | I13: 0.11338217 | J13: 0.025196038 | K13: 3
B14: PRC_MARK | C14: CHI | D14: shugnrs-3 | E14: ELCOIL | F14: HET | G14: HET | H14: LO | I14: 0 | J14: 0 | K14: 3
B15: PRC_MARK | C15: EUR | D15: shugnbm-3 | E15: ELCBIO,ELCWAS | F15: HET | G15: HET | H15: LO | I15: 0.1474035 | J15: 0.032756332 | K15: 3
... B49: PRC_MARK | C49: \I: | D49: shugnrs-3 | E49: ELCOIL | F49: HET | G49: HET | H49: LO | I49: 0.018948025 | J49: 0.0042106722 | K49: 3
