Workbook

Sheet CaseDesc
D1: DON’T WRITE ANYTHING IN THESE COLUMNS
B2: Case# | C2: Description
B3: 1 | C3: Scen-Baseline.LR-ref.
B4: 2 | C4: Scen-Baseline.LR-high.
B5: 3 | C5: Scen-Baseline.LR-low.
B6: 4 | C6: Scen-ProRes.LR-ref.
B7: 5 | C7: Scen-ProRes.LR-high.
B8: 6 | C8: Scen-ProRes.LR-low.
B9: 7 | C9: Scen-Div.LR-ref.
B10: 8 | C10: Scen-Div.LR-high.
B11: 9 | C11: Scen-Div.LR-low.

Sheet Param_INS
A1: ~InputCell:1,2,3 | G1: Relaxation factor | I1: 0.2
A2: 2
F4: Deactivated
F5: Attribute | G5: CSET_CN | H5: Year | I5: LimType | J5: =EmissionsFromVeda!G2 -> AFR_N | K5: =EmissionsFromVeda!H2 -> AFR_S | L5: =EmissionsFromVeda!I2 -> ANZ | M5: =EmissionsFromVeda!J2 -> BRZ | N5: =EmissionsFromVeda!K2 -> CAN | O5: =EmissionsFromVeda!L2 -> CHI | P5: =EmissionsFromVeda!M2 -> CSA | Q5: =EmissionsFromVeda!N2 -> EUR | ... Z5: =EmissionsFromVeda!W2 -> USA
F6: * | G6: Commodity name | I6: Lower bound / Upper bound | J6: kton/year | K6: kton/year | L6: kton/year | M6: kton/year | N6: kton/year | O6: kton/year | P6: kton/year | Q6: kton/year | R6: kton/year | S6: kton/year | T6: kton/year | U6: kton/year | V6: kton/year | W6: kton/year | X6: kton/year | Y6: kton/year | Z6: kton/year
B7: Case | C7: NZE year | F7: VAR_COMNET | G7: TOTCO2Net | H7: 2018 | I7: UP | J7: =EmissionsFromVeda!G3*(1+$I$1) -> 196396.54 | K7: =EmissionsFromVeda!H3*(1+$I$1) -> 364949.76 | L7: =EmissionsFromVeda!I3*(1+$I$1) -> 227233.51 | M7: =EmissionsFromVeda!J3*(1+$I$1) -> 93324.548 | N7: =EmissionsFromVeda!K3*(1+$I$1) -> 139315.23 | O7: =EmissionsFromVeda!L3*(1+$I$1) -> 5369154.8 | P7: =EmissionsFromVeda!M3*(1+$I$1) -> 241417.73 | Q7: =EmissionsFromVeda!N3*(1+$I$1) -> 1351093 | ... Z7: =EmissionsFromVeda!W3*(1+$I$1) -> 2200217.6
B8: 1 | C8: 2050 | F8: VAR_COMNET | G8: TOTCO2Net | H8: =VLOOKUP(A2, $B$7:$C$10, 2, FALSE) -> 2070 | I8: UP | J8: 0 | K8: 0 | L8: 0 | M8: 0 | N8: 0 | O8: 0 | P8: 0 | Q8: 0 | R8: 0 | S8: 0 | T8: 0 | U8: 0 | V8: 0 | W8: 0 | X8: 0 | Y8: 0 | Z8: 0
B9: 2 | C9: 2070 | F9: VAR_COMNET | G9: =G8 -> TOTCO2Net | H9: 0 | I9: =I8 -> UP | J9: 5 | K9: 5 | L9: 5 | M9: 5 | N9: 5 | O9: 5 | P9: 5 | Q9: 5 | R9: 5 | S9: 5 | T9: 5 | U9: 5 | V9: 5 | W9: 5 | X9: 5 | Y9: 5 | Z9: 5
B10: 3 | C10: 2095
F14: UC - Each Region/Period
G15: ~UC_Sets: R_E: Allregions
G16: ~UC_Sets: T_E:
L17: ~UC_T:UC_RHSRT
G18: UC_N | H18: Pset_Set | I18: Pset_PN | J18: Cset_CN | K18: Year | L18: LimType | M18: UC_COMNET | N18: =J5 -> AFR_N | O18: =K5 -> AFR_S | P18: =L5 -> ANZ | Q18: =M5 -> BRZ | R18: =N5 -> CAN | S18: =O5 -> CHI | T18: =P5 -> CSA | U18: =Q5 -> EUR | ... AD18: =Z5 -> USA | AE18: 0 | AF18: UC_Desc
G19: AU_NetZeroEmissionsBound | J19: TOTCO2Net | K19: 2020 | L19: UP | M19: 1 | N19: =J7 -> 196396.54 | O19: =K7 -> 364949.76 | P19: =L7 -> 227233.51 | Q19: =M7 -> 93324.548 | R19: =N7 -> 139315.23 | S19: =O7 -> 5369154.8 | T19: =P7 -> 241417.73 | U19: =Q7 -> 1351093 | ... AD19: =Z7 -> 2200217.6 | AE19: 5 | AF19: Net zero emissions bound
K20: =VLOOKUP(A2, $B$7:$C$10, 2, FALSE) -> 2070 | N20: 0 | O20: 0 | P20: 0 | Q20: 0 | R20: 0 | S20: 0 | T20: 0 | U20: 0 | V20: 0 | W20: 0 | X20: 0 | Y20: 0 | Z20: 0 | AA20: 0 | AB20: 0 | AC20: 0 | AD20: 0

Sheet _For ScenList
A1: 1 | B1: 1
A2: 2 | B2: 1,2
A3: 3 | B3: =B2&","&A3 -> 1,2,3
A4: =A3+1 -> 4 | B4: =B3&","&A4 -> 1,2,3,4
A5: =A4+1 -> 5 | B5: =B4&","&A5 -> 1,2,3,4,5
A6: =A5+1 -> 6 | B6: =B5&","&A6 -> 1,2,3,4,5,6
A7: =A6+1 -> 7 | B7: =B6&","&A7 -> 1,2,3,4,5,6,7
A8: =A7+1 -> 8 | B8: =B7&","&A8 -> 1,2,3,4,5,6,7,8
A9: =A8+1 -> 9 | B9: =B8&","&A9 -> 1,2,3,4,5,6,7,8,9
A10: =A9+1 -> 10 | B10: =B9&","&A10 -> 1,2,3,4,5,6,7,8,9,10
A11: =A10+1 -> 11 | B11: =B10&","&A11 -> 1,2,3,4,5,6,7,8,9,10,11
A12: =A11+1 -> 12 | B12: =B11&","&A12 -> 1,2,3,4,5,6,7,8,9,10,11,12
A13: =A12+1 -> 13 | B13: =B12&","&A13 -> 1,2,3,4,5,6,7,8,9,10,11,12,13
A14: =A13+1 -> 14 | B14: =B13&","&A14 -> 1,2,3,4,5,6,7,8,9,10,11,12,13,14
A15: =A14+1 -> 15 | B15: =B14&","&A15 -> 1,2,3,4,5,6,7,8,9,10,11,12,13,14,15
... A37: =A36+1 -> 37 | B37: =B36&","&A37 -> 1,2,3,4,5,6,7,8,9,10,11,12,13,14,15,16,17,18,19,20,21,22,23,24,25,26,27,28,29,30,31,32,33,34,35,36,37

Sheet EmissionsFromVeda
A1: Attribute | B1: Scenario | C1: Region | D1: 2017
A2: VAR_FOut | B2: all_1~0001 | C2: AFR_N | D2: 163663.78 | G2: AFR_N | H2: AFR_S | I2: ANZ | J2: BRZ | K2: CAN | L2: CHI | M2: CSA | N2: EUR | O2: IND | P2: JPN | Q2: MID | R2: MXC | S2: OAS | T2: RUS | U2: SKO | V2: URA | W2: USA
A3: VAR_FOut | B3: all_1~0001 | C3: AFR_S | D3: 304124.8 | G3: 163663.78 | H3: 304124.8 | I3: 189361.26 | J3: 77770.457 | K3: 116096.02 | L3: 4474295.7 | M3: 201181.44 | N3: 1125910.8 | O3: 1323197.9 | P3: 505194.24 | Q3: 610000.74 | R3: 174110.2 | S3: 919227.12 | T3: 391750.47 | U3: 288455.51 | V3: 385935.89 | W3: 1833514.6
A4: VAR_FOut | B4: all_1~0001 | C4: ANZ | D4: 189361.26
A5: VAR_FOut | B5: all_1~0001 | C5: BRZ | D5: 77770.457
A6: VAR_FOut | B6: all_1~0001 | C6: CAN | D6: 116096.02
A7: VAR_FOut | B7: all_1~0001 | C7: CHI | D7: 4474295.7
A8: VAR_FOut | B8: all_1~0001 | C8: CSA | D8: 201181.44
A9: VAR_FOut | B9: all_1~0001 | C9: EUR | D9: 1125910.8
A10: VAR_FOut | B10: all_1~0001 | C10: IND | D10: 1323197.9
A11: VAR_FOut | B11: all_1~0001 | C11: JPN | D11: 505194.24
A12: VAR_FOut | B12: all_1~0001 | C12: MID | D12: 610000.74
A13: VAR_FOut | B13: all_1~0001 | C13: MXC | D13: 174110.2
A14: VAR_FOut | B14: all_1~0001 | C14: OAS | D14: 919227.12
A15: VAR_FOut | B15: all_1~0001 | C15: RUS | D15: 391750.47
... A18: VAR_FOut | B18: all_1~0001 | C18: USA | D18: 1833514.6
