Workbook

Sheet Readme
A1: Workbook purpose:
A2: Implements time-dependent electricity transmission and distribution efficiency (inverse of T&D loss) by region
A4: Data source:
A5: Based on projecting historical WEPS sugn and qhel variable ratio.
A6: The MIG writes this ratio into columns A-Q of the restart_historical_values sheet, inheriting and averaging for non-WEPS regions as needed
A7: Then the remaining columns compute the projection.
A8: The transmission efficiency is not allowed to fall over time, and cell R1 sets a ceiling based on maximum base year values across all WEPS regions.
A9: The resulting table is then read onto the IEMM sheet. Extra rows there (commented out with \I: when empty) allow the number of regions to increase according to Aggregation Controller settings
A11: User-modifiable?
A12: Users may modify the projection for individual regions as desired. However, these modifications will not translate into new instances created by the MIG.
A13: Adjustments for a single study should be made in an analyst scenario file.
A14: If users want to make permanent adjustments, we should add these to the source data being read by the MIG.

Sheet IEMM
B4: ~TFM_DINS-TS
B5: Attribute | C5: CSET_CN | D5: TimeSlice | E5: Region | F5: =IF(restart_historical_values!Q3=restart_historical_values!R3,"*"&restart_historical_values!Q3,restart_historical_values!Q3) -> 2017 | G5: =IF(restart_historical_values!R3=restart_historical_values!S3,"*"&restart_historical_values!R3,restart_historical_values!R3) -> 2018 | H5: =IF(restart_historical_values!S3=restart_historical_values!T3,"*"&restart_historical_values!S3,restart_historical_values!S3) -> 2019 | I5: =IF(restart_historical_values!T3=restart_historical_values!U3,"*"&restart_historical_values!T3,restart_historical_values!T3) -> 2021 | J5: =IF(restart_historical_values!U3=restart_historical_values!V3,"*"&restart_historical_values!U3,restart_historical_values!U3) -> 2026 | K5: =IF(restart_historical_values!V3=restart_historical_values!W3,"*"&restart_historical_values!V3,restart_historical_values!V3) -> 2031 | L5: =IF(restart_historical_values!W3=restart_historical_values!X3,"*"&restart_historical_values!W3,restart_historical_values!W3) -> 2036 | M5: =IF(restart_historical_values!X3=restart_historical_values!Y3,"*"&restart_historical_values!X3,restart_historical_values!X3) -> 2041 | ... O5: =IF(restart_historical_values!Z3=restart_historical_values!AA3,"*"&restart_historical_values!Z3,restart_historical_values!Z3) -> 2051
B6: =IF(SUM(F6:O6)=0,"\I:","COM_IE") -> COM_IE | C6: ELC | D6: ANNUAL | E6: =IF(restart_historical_values!A4="","",restart_historical_values!A4) -> AFR_N | F6: =IF(restart_historical_values!Q4="","",restart_historical_values!Q4) -> 0.85708633 | G6: =IF(restart_historical_values!R4="","",restart_historical_values!R4) -> 0.84976299 | H6: =IF(restart_historical_values!S4="","",restart_historical_values!S4) -> 0.84976299 | I6: =IF(restart_historical_values!T4="","",restart_historical_values!T4) -> 0.84976299 | J6: =IF(restart_historical_values!U4="","",restart_historical_values!U4) -> 0.84976299 | K6: =IF(restart_historical_values!V4="","",restart_historical_values!V4) -> 0.84976299 | L6: =IF(restart_historical_values!W4="","",restart_historical_values!W4) -> 0.84976299 | M6: =IF(restart_historical_values!X4="","",restart_historical_values!X4) -> 0.84976299 | ... O6: =IF(restart_historical_values!Z4="","",restart_historical_values!Z4) -> 0.84976299
B7: =IF(SUM(F7:O7)=0,"\I:","COM_IE") -> COM_IE | C7: ELC | D7: ANNUAL | E7: =IF(restart_historical_values!A5="","",restart_historical_values!A5) -> AFR_S | F7: =IF(restart_historical_values!Q5="","",restart_historical_values!Q5) -> 0.85708633 | G7: =IF(restart_historical_values!R5="","",restart_historical_values!R5) -> 0.84976299 | H7: =IF(restart_historical_values!S5="","",restart_historical_values!S5) -> 0.84976299 | I7: =IF(restart_historical_values!T5="","",restart_historical_values!T5) -> 0.84976299 | J7: =IF(restart_historical_values!U5="","",restart_historical_values!U5) -> 0.84976299 | K7: =IF(restart_historical_values!V5="","",restart_historical_values!V5) -> 0.84976299 | L7: =IF(restart_historical_values!W5="","",restart_historical_values!W5) -> 0.84976299 | M7: =IF(restart_historical_values!X5="","",restart_historical_values!X5) -> 0.84976299 | ... O7: =IF(restart_historical_values!Z5="","",restart_historical_values!Z5) -> 0.84976299
B8: =IF(SUM(F8:O8)=0,"\I:","COM_IE") -> COM_IE | C8: ELC | D8: ANNUAL | E8: =IF(restart_historical_values!A6="","",restart_historical_values!A6) -> ANZ | F8: =IF(restart_historical_values!Q6="","",restart_historical_values!Q6) -> 0.94302933 | G8: =IF(restart_historical_values!R6="","",restart_historical_values!R6) -> 0.94310279 | H8: =IF(restart_historical_values!S6="","",restart_historical_values!S6) -> 0.94388429 | I8: =IF(restart_historical_values!T6="","",restart_historical_values!T6) -> 0.94586124 | J8: =IF(restart_historical_values!U6="","",restart_historical_values!U6) -> 0.95080362 | K8: =IF(restart_historical_values!V6="","",restart_historical_values!V6) -> 0.955746 | L8: =IF(restart_historical_values!W6="","",restart_historical_values!W6) -> 0.96068838 | M8: =IF(restart_historical_values!X6="","",restart_historical_values!X6) -> 0.96487526 | ... O8: =IF(restart_historical_values!Z6="","",restart_historical_values!Z6) -> 0.96487526
B9: =IF(SUM(F9:O9)=0,"\I:","COM_IE") -> COM_IE | C9: ELC | D9: ANNUAL | E9: =IF(restart_historical_values!A7="","",restart_historical_values!A7) -> BRZ | F9: =IF(restart_historical_values!Q7="","",restart_historical_values!Q7) -> 0.89391563 | G9: =IF(restart_historical_values!R7="","",restart_historical_values!R7) -> 0.89343664 | H9: =IF(restart_historical_values!S7="","",restart_historical_values!S7) -> 0.89343664 | I9: =IF(restart_historical_values!T7="","",restart_historical_values!T7) -> 0.89343664 | J9: =IF(restart_historical_values!U7="","",restart_historical_values!U7) -> 0.89343664 | K9: =IF(restart_historical_values!V7="","",restart_historical_values!V7) -> 0.89343664 | L9: =IF(restart_historical_values!W7="","",restart_historical_values!W7) -> 0.89343664 | M9: =IF(restart_historical_values!X7="","",restart_historical_values!X7) -> 0.89343664 | ... O9: =IF(restart_historical_values!Z7="","",restart_historical_values!Z7) -> 0.89343664
B10: =IF(SUM(F10:O10)=0,"\I:","COM_IE") -> COM_IE | C10: ELC | D10: ANNUAL | E10: =IF(restart_historical_values!A8="","",restart_historical_values!A8) -> CAN | F10: =IF(restart_historical_values!Q8="","",restart_historical_values!Q8) -> 0.85717473 | G10: =IF(restart_historical_values!R8="","",restart_historical_values!R8) -> 0.87687505 | H10: =IF(restart_historical_values!S8="","",restart_historical_values!S8) -> 0.87687505 | I10: =IF(restart_historical_values!T8="","",restart_historical_values!T8) -> 0.87687505 | J10: =IF(restart_historical_values!U8="","",restart_historical_values!U8) -> 0.87687505 | K10: =IF(restart_historical_values!V8="","",restart_historical_values!V8) -> 0.87687505 | L10: =IF(restart_historical_values!W8="","",restart_historical_values!W8) -> 0.87687505 | M10: =IF(restart_historical_values!X8="","",restart_historical_values!X8) -> 0.87687505 | ... O10: =IF(restart_historical_values!Z8="","",restart_historical_values!Z8) -> 0.87687505
B11: =IF(SUM(F11:O11)=0,"\I:","COM_IE") -> COM_IE | C11: ELC | D11: ANNUAL | E11: =IF(restart_historical_values!A9="","",restart_historical_values!A9) -> CHI | F11: =IF(restart_historical_values!Q9="","",restart_historical_values!Q9) -> 0.94521132 | G11: =IF(restart_historical_values!R9="","",restart_historical_values!R9) -> 0.94700812 | H11: =IF(restart_historical_values!S9="","",restart_historical_values!S9) -> 0.94734574 | I11: =IF(restart_historical_values!T9="","",restart_historical_values!T9) -> 0.95024215 | J11: =IF(restart_historical_values!U9="","",restart_historical_values!U9) -> 0.95748315 | K11: =IF(restart_historical_values!V9="","",restart_historical_values!V9) -> 0.96472416 | L11: =IF(restart_historical_values!W9="","",restart_historical_values!W9) -> 0.96487526 | M11: =IF(restart_historical_values!X9="","",restart_historical_values!X9) -> 0.96487526 | ... O11: =IF(restart_historical_values!Z9="","",restart_historical_values!Z9) -> 0.96487526
B12: =IF(SUM(F12:O12)=0,"\I:","COM_IE") -> COM_IE | C12: ELC | D12: ANNUAL | E12: =IF(restart_historical_values!A10="","",restart_historical_values!A10) -> CSA | F12: =IF(restart_historical_values!Q10="","",restart_historical_values!Q10) -> 0.75991742 | G12: =IF(restart_historical_values!R10="","",restart_historical_values!R10) -> 0.76280111 | H12: =IF(restart_historical_values!S10="","",restart_historical_values!S10) -> 0.7782124 | I12: =IF(restart_historical_values!T10="","",restart_historical_values!T10) -> 0.784225 | J12: =IF(restart_historical_values!U10="","",restart_historical_values!U10) -> 0.79925652 | K12: =IF(restart_historical_values!V10="","",restart_historical_values!V10) -> 0.81428804 | L12: =IF(restart_historical_values!W10="","",restart_historical_values!W10) -> 0.82931955 | M12: =IF(restart_historical_values!X10="","",restart_historical_values!X10) -> 0.84435107 | ... O12: =IF(restart_historical_values!Z10="","",restart_historical_values!Z10) -> 0.8744141
B13: =IF(SUM(F13:O13)=0,"\I:","COM_IE") -> COM_IE | C13: ELC | D13: ANNUAL | E13: =IF(restart_historical_values!A11="","",restart_historical_values!A11) -> EUR | F13: =IF(restart_historical_values!Q11="","",restart_historical_values!Q11) -> 0.92692049 | G13: =IF(restart_historical_values!R11="","",restart_historical_values!R11) -> 0.93188501 | H13: =IF(restart_historical_values!S11="","",restart_historical_values!S11) -> 0.93188501 | I13: =IF(restart_historical_values!T11="","",restart_historical_values!T11) -> 0.93188501 | J13: =IF(restart_historical_values!U11="","",restart_historical_values!U11) -> 0.93188501 | K13: =IF(restart_historical_values!V11="","",restart_historical_values!V11) -> 0.93249664 | L13: =IF(restart_historical_values!W11="","",restart_historical_values!W11) -> 0.93357814 | M13: =IF(restart_historical_values!X11="","",restart_historical_values!X11) -> 0.93465964 | ... O13: =IF(restart_historical_values!Z11="","",restart_historical_values!Z11) -> 0.93682264
B14: =IF(SUM(F14:O14)=0,"\I:","COM_IE") -> COM_IE | C14: ELC | D14: ANNUAL | E14: =IF(restart_historical_values!A12="","",restart_historical_values!A12) -> IND | F14: =IF(restart_historical_values!Q12="","",restart_historical_values!Q12) -> 0.82440586 | G14: =IF(restart_historical_values!R12="","",restart_historical_values!R12) -> 0.82339994 | H14: =IF(restart_historical_values!S12="","",restart_historical_values!S12) -> 0.8484677 | I14: =IF(restart_historical_values!T12="","",restart_historical_values!T12) -> 0.86314149 | J14: =IF(restart_historical_values!U12="","",restart_historical_values!U12) -> 0.89982598 | K14: =IF(restart_historical_values!V12="","",restart_historical_values!V12) -> 0.93651046 | L14: =IF(restart_historical_values!W12="","",restart_historical_values!W12) -> 0.96487526 | M14: =IF(restart_historical_values!X12="","",restart_historical_values!X12) -> 0.96487526 | ... O14: =IF(restart_historical_values!Z12="","",restart_historical_values!Z12) -> 0.96487526
B15: =IF(SUM(F15:O15)=0,"\I:","COM_IE") -> COM_IE | C15: ELC | D15: ANNUAL | E15: =IF(restart_historical_values!A13="","",restart_historical_values!A13) -> JPN | F15: =IF(restart_historical_values!Q13="","",restart_historical_values!Q13) -> 0.95581331 | G15: =IF(restart_historical_values!R13="","",restart_historical_values!R13) -> 0.95116094 | H15: =IF(restart_historical_values!S13="","",restart_historical_values!S13) -> 0.95596429 | I15: =IF(restart_historical_values!T13="","",restart_historical_values!T13) -> 0.95695929 | J15: =IF(restart_historical_values!U13="","",restart_historical_values!U13) -> 0.95944678 | K15: =IF(restart_historical_values!V13="","",restart_historical_values!V13) -> 0.96193427 | L15: =IF(restart_historical_values!W13="","",restart_historical_values!W13) -> 0.96442176 | M15: =IF(restart_historical_values!X13="","",restart_historical_values!X13) -> 0.96487526 | ... O15: =IF(restart_historical_values!Z13="","",restart_historical_values!Z13) -> 0.96487526
B16: =IF(SUM(F16:O16)=0,"\I:","COM_IE") -> COM_IE | C16: ELC | D16: ANNUAL | E16: =IF(restart_historical_values!A14="","",restart_historical_values!A14) -> MID | F16: =IF(restart_historical_values!Q14="","",restart_historical_values!Q14) -> 0.87141985 | G16: =IF(restart_historical_values!R14="","",restart_historical_values!R14) -> 0.88001496 | H16: =IF(restart_historical_values!S14="","",restart_historical_values!S14) -> 0.88001496 | I16: =IF(restart_historical_values!T14="","",restart_historical_values!T14) -> 0.88001496 | J16: =IF(restart_historical_values!U14="","",restart_historical_values!U14) -> 0.88119149 | K16: =IF(restart_historical_values!V14="","",restart_historical_values!V14) -> 0.88333886 | L16: =IF(restart_historical_values!W14="","",restart_historical_values!W14) -> 0.88548624 | M16: =IF(restart_historical_values!X14="","",restart_historical_values!X14) -> 0.88763361 | ... O16: =IF(restart_historical_values!Z14="","",restart_historical_values!Z14) -> 0.89192836
B17: =IF(SUM(F17:O17)=0,"\I:","COM_IE") -> COM_IE | C17: ELC | D17: ANNUAL | E17: =IF(restart_historical_values!A15="","",restart_historical_values!A15) -> MXC | F17: =IF(restart_historical_values!Q15="","",restart_historical_values!Q15) -> 0.88241569 | G17: =IF(restart_historical_values!R15="","",restart_historical_values!R15) -> 0.87578208 | H17: =IF(restart_historical_values!S15="","",restart_historical_values!S15) -> 0.87578208 | I17: =IF(restart_historical_values!T15="","",restart_historical_values!T15) -> 0.87578208 | J17: =IF(restart_historical_values!U15="","",restart_historical_values!U15) -> 0.88202705 | K17: =IF(restart_historical_values!V15="","",restart_historical_values!V15) -> 0.88944615 | L17: =IF(restart_historical_values!W15="","",restart_historical_values!W15) -> 0.89686525 | M17: =IF(restart_historical_values!X15="","",restart_historical_values!X15) -> 0.90428435 | ... O17: =IF(restart_historical_values!Z15="","",restart_historical_values!Z15) -> 0.91912255
... B251: =IF(SUM(F251:O251)=0,"\I:","COM_IE") -> \I: | C251: ELC | D251: ANNUAL | E251: =IF(restart_historical_values!A249="","",restart_historical_values!A249) | F251: =IF(restart_historical_values!Q249="","",restart_historical_values!Q249) | G251: =IF(restart_historical_values!R249="","",restart_historical_values!R249) | H251: =IF(restart_historical_values!S249="","",restart_historical_values!S249) | I251: =IF(restart_historical_values!T249="","",restart_historical_values!T249) | J251: =IF(restart_historical_values!U249="","",restart_historical_values!U249) | K251: =IF(restart_historical_values!V249="","",restart_historical_values!V249) | L251: =IF(restart_historical_values!W249="","",restart_historical_values!W249) | M251: =IF(restart_historical_values!X249="","",restart_historical_values!X249) | ... O251: =IF(restart_historical_values!Z249="","",restart_historical_values!Z249)

Sheet restart_historical_values
R1: =MAX($R$4:$R$300) -> 0.96487526 | S1: saturation level
A3: Region | B3: 2002 | C3: 2003 | D3: 2004 | E3: 2005 | F3: 2006 | G3: 2007 | H3: 2008 | I3: 2009 | J3: 2010 | K3: 2011 | L3: 2012 | M3: 2013 | N3: 2014 | O3: 2015 | P3: 2016 | Q3: 2017 | R3: 2018 | S3: =R3+1 -> 2019 | T3: =S3+2 -> 2021 | U3: =T3+5 -> 2026 | V3: =U3+5 -> 2031 | W3: =V3+5 -> 2036 | X3: =W3+5 -> 2041 | Y3: =X3+5 -> 2046 | Z3: =Y3+5 -> 2051
A4: AFR_N | B4: 0.89072513 | C4: 0.88804476 | D4: 0.87214694 | E4: 0.88210017 | F4: 0.88562619 | G4: 0.88820765 | H4: 0.87395691 | I4: 0.86616556 | J4: 0.86528309 | K4: 0.87278378 | L4: 0.87423012 | M4: 0.86522349 | N4: 0.86626032 | O4: 0.86174552 | P4: 0.84408808 | Q4: 0.85708633 | R4: 0.84976299 | S4: =IFERROR(MIN(IF(TREND($B4:$R4,$B$3:$R$3,S$3)<R4,R4,TREND($B4:$R4,$B$3:$R$3,S$3)),$R$1),"") -> 0.84976299 | T4: =IFERROR(MIN(IF(TREND($B4:$R4,$B$3:$R$3,T$3)<S4,S4,TREND($B4:$R4,$B$3:$R$3,T$3)),$R$1),"") -> 0.84976299 | U4: =IFERROR(MIN(IF(TREND($B4:$R4,$B$3:$R$3,U$3)<T4,T4,TREND($B4:$R4,$B$3:$R$3,U$3)),$R$1),"") -> 0.84976299 | V4: =IFERROR(MIN(IF(TREND($B4:$R4,$B$3:$R$3,V$3)<U4,U4,TREND($B4:$R4,$B$3:$R$3,V$3)),$R$1),"") -> 0.84976299 | W4: =IFERROR(MIN(IF(TREND($B4:$R4,$B$3:$R$3,W$3)<V4,V4,TREND($B4:$R4,$B$3:$R$3,W$3)),$R$1),"") -> 0.84976299 | X4: =IFERROR(MIN(IF(TREND($B4:$R4,$B$3:$R$3,X$3)<W4,W4,TREND($B4:$R4,$B$3:$R$3,X$3)),$R$1),"") -> 0.84976299 | Y4: =IFERROR(MIN(IF(TREND($B4:$R4,$B$3:$R$3,Y$3)<X4,X4,TREND($B4:$R4,$B$3:$R$3,Y$3)),$R$1),"") -> 0.84976299 | Z4: =IFERROR(MIN(IF(TREND($B4:$R4,$B$3:$R$3,Z$3)<Y4,Y4,TREND($B4:$R4,$B$3:$R$3,Z$3)),$R$1),"") -> 0.84976299
A5: AFR_S | B5: 0.89072513 | C5: 0.88804476 | D5: 0.87214694 | E5: 0.88210017 | F5: 0.88562619 | G5: 0.88820765 | H5: 0.87395691 | I5: 0.86616556 | J5: 0.86528309 | K5: 0.87278378 | L5: 0.87423012 | M5: 0.86522349 | N5: 0.86626032 | O5: 0.86174552 | P5: 0.84408808 | Q5: 0.85708633 | R5: 0.84976299 | S5: =IFERROR(MIN(IF(TREND($B5:$R5,$B$3:$R$3,S$3)<R5,R5,TREND($B5:$R5,$B$3:$R$3,S$3)),$R$1),"") -> 0.84976299 | T5: =IFERROR(MIN(IF(TREND($B5:$R5,$B$3:$R$3,T$3)<S5,S5,TREND($B5:$R5,$B$3:$R$3,T$3)),$R$1),"") -> 0.84976299 | U5: =IFERROR(MIN(IF(TREND($B5:$R5,$B$3:$R$3,U$3)<T5,T5,TREND($B5:$R5,$B$3:$R$3,U$3)),$R$1),"") -> 0.84976299 | V5: =IFERROR(MIN(IF(TREND($B5:$R5,$B$3:$R$3,V$3)<U5,U5,TREND($B5:$R5,$B$3:$R$3,V$3)),$R$1),"") -> 0.84976299 | W5: =IFERROR(MIN(IF(TREND($B5:$R5,$B$3:$R$3,W$3)<V5,V5,TREND($B5:$R5,$B$3:$R$3,W$3)),$R$1),"") -> 0.84976299 | X5: =IFERROR(MIN(IF(TREND($B5:$R5,$B$3:$R$3,X$3)<W5,W5,TREND($B5:$R5,$B$3:$R$3,X$3)),$R$1),"") -> 0.84976299 | Y5: =IFERROR(MIN(IF(TREND($B5:$R5,$B$3:$R$3,Y$3)<X5,X5,TREND($B5:$R5,$B$3:$R$3,Y$3)),$R$1),"") -> 0.84976299 | Z5: =IFERROR(MIN(IF(TREND($B5:$R5,$B$3:$R$3,Z$3)<Y5,Y5,TREND($B5:$R5,$B$3:$R$3,Z$3)),$R$1),"") -> 0.84976299
A6: ANZ | B6: 0.92858205 | C6: 0.93683605 | D6: 0.92076338 | E6: 0.92777523 | F6: 0.92819619 | G6: 0.93451608 | H6: 0.93352898 | I6: 0.93595556 | J6: 0.93074174 | K6: 0.93055241 | L6: 0.93694983 | M6: 0.94077067 | N6: 0.94910599 | O6: 0.94294547 | P6: 0.93144446 | Q6: 0.94302933 | R6: 0.94310279 | S6: =IFERROR(MIN(IF(TREND($B6:$R6,$B$3:$R$3,S$3)<R6,R6,TREND($B6:$R6,$B$3:$R$3,S$3)),$R$1),"") -> 0.94388429 | T6: =IFERROR(MIN(IF(TREND($B6:$R6,$B$3:$R$3,T$3)<S6,S6,TREND($B6:$R6,$B$3:$R$3,T$3)),$R$1),"") -> 0.94586124 | U6: =IFERROR(MIN(IF(TREND($B6:$R6,$B$3:$R$3,U$3)<T6,T6,TREND($B6:$R6,$B$3:$R$3,U$3)),$R$1),"") -> 0.95080362 | V6: =IFERROR(MIN(IF(TREND($B6:$R6,$B$3:$R$3,V$3)<U6,U6,TREND($B6:$R6,$B$3:$R$3,V$3)),$R$1),"") -> 0.955746 | W6: =IFERROR(MIN(IF(TREND($B6:$R6,$B$3:$R$3,W$3)<V6,V6,TREND($B6:$R6,$B$3:$R$3,W$3)),$R$1),"") -> 0.96068838 | X6: =IFERROR(MIN(IF(TREND($B6:$R6,$B$3:$R$3,X$3)<W6,W6,TREND($B6:$R6,$B$3:$R$3,X$3)),$R$1),"") -> 0.96487526 | Y6: =IFERROR(MIN(IF(TREND($B6:$R6,$B$3:$R$3,Y$3)<X6,X6,TREND($B6:$R6,$B$3:$R$3,Y$3)),$R$1),"") -> 0.96487526 | Z6: =IFERROR(MIN(IF(TREND($B6:$R6,$B$3:$R$3,Z$3)<Y6,Y6,TREND($B6:$R6,$B$3:$R$3,Z$3)),$R$1),"") -> 0.96487526
A7: BRZ | B7: 0.93726037 | C7: 0.93853697 | D7: 0.92675053 | E7: 0.9295647 | F7: 0.92857412 | G7: 0.92438657 | H7: 0.92322327 | I7: 0.91242529 | J7: 0.89907802 | K7: 0.90120325 | L7: 0.90024186 | M7: 0.90219622 | N7: 0.89710239 | O7: 0.89677786 | P7: 0.89863767 | Q7: 0.89391563 | R7: 0.89343664 | S7: =IFERROR(MIN(IF(TREND($B7:$R7,$B$3:$R$3,S$3)<R7,R7,TREND($B7:$R7,$B$3:$R$3,S$3)),$R$1),"") -> 0.89343664 | T7: =IFERROR(MIN(IF(TREND($B7:$R7,$B$3:$R$3,T$3)<S7,S7,TREND($B7:$R7,$B$3:$R$3,T$3)),$R$1),"") -> 0.89343664 | U7: =IFERROR(MIN(IF(TREND($B7:$R7,$B$3:$R$3,U$3)<T7,T7,TREND($B7:$R7,$B$3:$R$3,U$3)),$R$1),"") -> 0.89343664 | V7: =IFERROR(MIN(IF(TREND($B7:$R7,$B$3:$R$3,V$3)<U7,U7,TREND($B7:$R7,$B$3:$R$3,V$3)),$R$1),"") -> 0.89343664 | W7: =IFERROR(MIN(IF(TREND($B7:$R7,$B$3:$R$3,W$3)<V7,V7,TREND($B7:$R7,$B$3:$R$3,W$3)),$R$1),"") -> 0.89343664 | X7: =IFERROR(MIN(IF(TREND($B7:$R7,$B$3:$R$3,X$3)<W7,W7,TREND($B7:$R7,$B$3:$R$3,X$3)),$R$1),"") -> 0.89343664 | Y7: =IFERROR(MIN(IF(TREND($B7:$R7,$B$3:$R$3,Y$3)<X7,X7,TREND($B7:$R7,$B$3:$R$3,Y$3)),$R$1),"") -> 0.89343664 | Z7: =IFERROR(MIN(IF(TREND($B7:$R7,$B$3:$R$3,Z$3)<Y7,Y7,TREND($B7:$R7,$B$3:$R$3,Z$3)),$R$1),"") -> 0.89343664
A8: CAN | B8: 0.87874462 | C8: 0.92277217 | D8: 0.91690558 | E8: 0.92424395 | F8: 0.92995165 | G8: 0.91537263 | H8: 0.90927832 | I8: 0.89979501 | J8: 0.91237251 | K8: 0.89681613 | L8: 0.88187798 | M8: 0.87783639 | N8: 0.88063263 | O8: 0.85431267 | P8: 0.85262559 | Q8: 0.85717473 | R8: 0.87687505 | S8: =IFERROR(MIN(IF(TREND($B8:$R8,$B$3:$R$3,S$3)<R8,R8,TREND($B8:$R8,$B$3:$R$3,S$3)),$R$1),"") -> 0.87687505 | T8: =IFERROR(MIN(IF(TREND($B8:$R8,$B$3:$R$3,T$3)<S8,S8,TREND($B8:$R8,$B$3:$R$3,T$3)),$R$1),"") -> 0.87687505 | U8: =IFERROR(MIN(IF(TREND($B8:$R8,$B$3:$R$3,U$3)<T8,T8,TREND($B8:$R8,$B$3:$R$3,U$3)),$R$1),"") -> 0.87687505 | V8: =IFERROR(MIN(IF(TREND($B8:$R8,$B$3:$R$3,V$3)<U8,U8,TREND($B8:$R8,$B$3:$R$3,V$3)),$R$1),"") -> 0.87687505 | W8: =IFERROR(MIN(IF(TREND($B8:$R8,$B$3:$R$3,W$3)<V8,V8,TREND($B8:$R8,$B$3:$R$3,W$3)),$R$1),"") -> 0.87687505 | X8: =IFERROR(MIN(IF(TREND($B8:$R8,$B$3:$R$3,X$3)<W8,W8,TREND($B8:$R8,$B$3:$R$3,X$3)),$R$1),"") -> 0.87687505 | Y8: =IFERROR(MIN(IF(TREND($B8:$R8,$B$3:$R$3,Y$3)<X8,X8,TREND($B8:$R8,$B$3:$R$3,Y$3)),$R$1),"") -> 0.87687505 | Z8: =IFERROR(MIN(IF(TREND($B8:$R8,$B$3:$R$3,Z$3)<Y8,Y8,TREND($B8:$R8,$B$3:$R$3,Z$3)),$R$1),"") -> 0.87687505
A9: CHI | B9: 0.92087958 | C9: 0.92620383 | D9: 0.92948953 | E9: 0.92539516 | F9: 0.92895699 | G9: 0.93025833 | H9: 0.93119575 | I9: 0.93266526 | J9: 0.93130108 | K9: 0.93582254 | L9: 0.93589422 | M9: 0.93639053 | N9: 0.93952053 | O9: 0.94316729 | P9: 0.94394282 | Q9: 0.94521132 | R9: 0.94700812 | S9: =IFERROR(MIN(IF(TREND($B9:$R9,$B$3:$R$3,S$3)<R9,R9,TREND($B9:$R9,$B$3:$R$3,S$3)),$R$1),"") -> 0.94734574 | T9: =IFERROR(MIN(IF(TREND($B9:$R9,$B$3:$R$3,T$3)<S9,S9,TREND($B9:$R9,$B$3:$R$3,T$3)),$R$1),"") -> 0.95024215 | U9: =IFERROR(MIN(IF(TREND($B9:$R9,$B$3:$R$3,U$3)<T9,T9,TREND($B9:$R9,$B$3:$R$3,U$3)),$R$1),"") -> 0.95748315 | V9: =IFERROR(MIN(IF(TREND($B9:$R9,$B$3:$R$3,V$3)<U9,U9,TREND($B9:$R9,$B$3:$R$3,V$3)),$R$1),"") -> 0.96472416 | W9: =IFERROR(MIN(IF(TREND($B9:$R9,$B$3:$R$3,W$3)<V9,V9,TREND($B9:$R9,$B$3:$R$3,W$3)),$R$1),"") -> 0.96487526 | X9: =IFERROR(MIN(IF(TREND($B9:$R9,$B$3:$R$3,X$3)<W9,W9,TREND($B9:$R9,$B$3:$R$3,X$3)),$R$1),"") -> 0.96487526 | Y9: =IFERROR(MIN(IF(TREND($B9:$R9,$B$3:$R$3,Y$3)<X9,X9,TREND($B9:$R9,$B$3:$R$3,Y$3)),$R$1),"") -> 0.96487526 | Z9: =IFERROR(MIN(IF(TREND($B9:$R9,$B$3:$R$3,Z$3)<Y9,Y9,TREND($B9:$R9,$B$3:$R$3,Z$3)),$R$1),"") -> 0.96487526
A10: CSA | B10: 0.71556129 | C10: 0.71958644 | D10: 0.72077135 | E10: 0.73088732 | F10: 0.74236012 | G10: 0.74596443 | H10: 0.74630652 | I10: 0.74846558 | J10: 0.77988371 | K10: 0.78237098 | L10: 0.77585544 | M10: 0.77229028 | N10: 0.74694029 | O10: 0.76300502 | P10: 0.75667906 | Q10: 0.75991742 | R10: 0.76280111 | S10: =IFERROR(MIN(IF(TREND($B10:$R10,$B$3:$R$3,S$3)<R10,R10,TREND($B10:$R10,$B$3:$R$3,S$3)),$R$1),"") -> 0.7782124 | T10: =IFERROR(MIN(IF(TREND($B10:$R10,$B$3:$R$3,T$3)<S10,S10,TREND($B10:$R10,$B$3:$R$3,T$3)),$R$1),"") -> 0.784225 | U10: =IFERROR(MIN(IF(TREND($B10:$R10,$B$3:$R$3,U$3)<T10,T10,TREND($B10:$R10,$B$3:$R$3,U$3)),$R$1),"") -> 0.79925652 | V10: =IFERROR(MIN(IF(TREND($B10:$R10,$B$3:$R$3,V$3)<U10,U10,TREND($B10:$R10,$B$3:$R$3,V$3)),$R$1),"") -> 0.81428804 | W10: =IFERROR(MIN(IF(TREND($B10:$R10,$B$3:$R$3,W$3)<V10,V10,TREND($B10:$R10,$B$3:$R$3,W$3)),$R$1),"") -> 0.82931955 | X10: =IFERROR(MIN(IF(TREND($B10:$R10,$B$3:$R$3,X$3)<W10,W10,TREND($B10:$R10,$B$3:$R$3,X$3)),$R$1),"") -> 0.84435107 | Y10: =IFERROR(MIN(IF(TREND($B10:$R10,$B$3:$R$3,Y$3)<X10,X10,TREND($B10:$R10,$B$3:$R$3,Y$3)),$R$1),"") -> 0.85938258 | Z10: =IFERROR(MIN(IF(TREND($B10:$R10,$B$3:$R$3,Z$3)<Y10,Y10,TREND($B10:$R10,$B$3:$R$3,Z$3)),$R$1),"") -> 0.8744141
A11: EUR | B11: 0.92504679 | C11: 0.92427993 | D11: 0.92510015 | E11: 0.92755469 | F11: 0.93090408 | G11: 0.92682036 | H11: 0.92855203 | I11: 0.92814606 | J11: 0.93182302 | K11: 0.9297487 | L11: 0.92521467 | M11: 0.92752851 | N11: 0.92819823 | O11: 0.9278009 | P11: 0.92970027 | Q11: 0.92692049 | R11: 0.93188501 | S11: =IFERROR(MIN(IF(TREND($B11:$R11,$B$3:$R$3,S$3)<R11,R11,TREND($B11:$R11,$B$3:$R$3,S$3)),$R$1),"") -> 0.93188501 | T11: =IFERROR(MIN(IF(TREND($B11:$R11,$B$3:$R$3,T$3)<S11,S11,TREND($B11:$R11,$B$3:$R$3,T$3)),$R$1),"") -> 0.93188501 | U11: =IFERROR(MIN(IF(TREND($B11:$R11,$B$3:$R$3,U$3)<T11,T11,TREND($B11:$R11,$B$3:$R$3,U$3)),$R$1),"") -> 0.93188501 | V11: =IFERROR(MIN(IF(TREND($B11:$R11,$B$3:$R$3,V$3)<U11,U11,TREND($B11:$R11,$B$3:$R$3,V$3)),$R$1),"") -> 0.93249664 | W11: =IFERROR(MIN(IF(TREND($B11:$R11,$B$3:$R$3,W$3)<V11,V11,TREND($B11:$R11,$B$3:$R$3,W$3)),$R$1),"") -> 0.93357814 | X11: =IFERROR(MIN(IF(TREND($B11:$R11,$B$3:$R$3,X$3)<W11,W11,TREND($B11:$R11,$B$3:$R$3,X$3)),$R$1),"") -> 0.93465964 | Y11: =IFERROR(MIN(IF(TREND($B11:$R11,$B$3:$R$3,Y$3)<X11,X11,TREND($B11:$R11,$B$3:$R$3,Y$3)),$R$1),"") -> 0.93574114 | Z11: =IFERROR(MIN(IF(TREND($B11:$R11,$B$3:$R$3,Z$3)<Y11,Y11,TREND($B11:$R11,$B$3:$R$3,Z$3)),$R$1),"") -> 0.93682264
A12: IND | B12: 0.71972908 | C12: 0.71945546 | D12: 0.73034184 | E12: 0.7356813 | F12: 0.75206425 | G12: 0.76462086 | H12: 0.78240795 | I12: 0.78409578 | J12: 0.79371836 | K12: 0.79795992 | L12: 0.80291328 | M12: 0.8105383 | N12: 0.81831069 | O12: 0.81829777 | P12: 0.82346501 | Q12: 0.82440586 | R12: 0.82339994 | S12: =IFERROR(MIN(IF(TREND($B12:$R12,$B$3:$R$3,S$3)<R12,R12,TREND($B12:$R12,$B$3:$R$3,S$3)),$R$1),"") -> 0.8484677 | T12: =IFERROR(MIN(IF(TREND($B12:$R12,$B$3:$R$3,T$3)<S12,S12,TREND($B12:$R12,$B$3:$R$3,T$3)),$R$1),"") -> 0.86314149 | U12: =IFERROR(MIN(IF(TREND($B12:$R12,$B$3:$R$3,U$3)<T12,T12,TREND($B12:$R12,$B$3:$R$3,U$3)),$R$1),"") -> 0.89982598 | V12: =IFERROR(MIN(IF(TREND($B12:$R12,$B$3:$R$3,V$3)<U12,U12,TREND($B12:$R12,$B$3:$R$3,V$3)),$R$1),"") -> 0.93651046 | W12: =IFERROR(MIN(IF(TREND($B12:$R12,$B$3:$R$3,W$3)<V12,V12,TREND($B12:$R12,$B$3:$R$3,W$3)),$R$1),"") -> 0.96487526 | X12: =IFERROR(MIN(IF(TREND($B12:$R12,$B$3:$R$3,X$3)<W12,W12,TREND($B12:$R12,$B$3:$R$3,X$3)),$R$1),"") -> 0.96487526 | Y12: =IFERROR(MIN(IF(TREND($B12:$R12,$B$3:$R$3,Y$3)<X12,X12,TREND($B12:$R12,$B$3:$R$3,Y$3)),$R$1),"") -> 0.96487526 | Z12: =IFERROR(MIN(IF(TREND($B12:$R12,$B$3:$R$3,Z$3)<Y12,Y12,TREND($B12:$R12,$B$3:$R$3,Z$3)),$R$1),"") -> 0.96487526
A13: JPN | B13: 0.94709524 | C13: 0.94792985 | D13: 0.94996491 | E13: 0.94776248 | F13: 0.94910136 | G13: 0.94967584 | H13: 0.94749322 | I13: 0.9472385 | J13: 0.95483508 | K13: 0.95494922 | L13: 0.95524244 | M13: 0.95225697 | N13: 0.95589417 | O13: 0.95742574 | P13: 0.95143647 | Q13: 0.95581331 | R13: 0.95116094 | S13: =IFERROR(MIN(IF(TREND($B13:$R13,$B$3:$R$3,S$3)<R13,R13,TREND($B13:$R13,$B$3:$R$3,S$3)),$R$1),"") -> 0.95596429 | T13: =IFERROR(MIN(IF(TREND($B13:$R13,$B$3:$R$3,T$3)<S13,S13,TREND($B13:$R13,$B$3:$R$3,T$3)),$R$1),"") -> 0.95695929 | U13: =IFERROR(MIN(IF(TREND($B13:$R13,$B$3:$R$3,U$3)<T13,T13,TREND($B13:$R13,$B$3:$R$3,U$3)),$R$1),"") -> 0.95944678 | V13: =IFERROR(MIN(IF(TREND($B13:$R13,$B$3:$R$3,V$3)<U13,U13,TREND($B13:$R13,$B$3:$R$3,V$3)),$R$1),"") -> 0.96193427 | W13: =IFERROR(MIN(IF(TREND($B13:$R13,$B$3:$R$3,W$3)<V13,V13,TREND($B13:$R13,$B$3:$R$3,W$3)),$R$1),"") -> 0.96442176 | X13: =IFERROR(MIN(IF(TREND($B13:$R13,$B$3:$R$3,X$3)<W13,W13,TREND($B13:$R13,$B$3:$R$3,X$3)),$R$1),"") -> 0.96487526 | Y13: =IFERROR(MIN(IF(TREND($B13:$R13,$B$3:$R$3,Y$3)<X13,X13,TREND($B13:$R13,$B$3:$R$3,Y$3)),$R$1),"") -> 0.96487526 | Z13: =IFERROR(MIN(IF(TREND($B13:$R13,$B$3:$R$3,Z$3)<Y13,Y13,TREND($B13:$R13,$B$3:$R$3,Z$3)),$R$1),"") -> 0.96487526
A14: MID | B14: 0.88298194 | C14: 0.89232263 | D14: 0.87762658 | E14: 0.85723697 | F14: 0.86868863 | G14: 0.85725362 | H14: 0.85299986 | I14: 0.86215107 | J14: 0.87620457 | K14: 0.87304081 | L14: 0.88064802 | M14: 0.88533505 | N14: 0.88530969 | O14: 0.88091231 | P14: 0.87929154 | Q14: 0.87141985 | R14: 0.88001496 | S14: =IFERROR(MIN(IF(TREND($B14:$R14,$B$3:$R$3,S$3)<R14,R14,TREND($B14:$R14,$B$3:$R$3,S$3)),$R$1),"") -> 0.88001496 | T14: =IFERROR(MIN(IF(TREND($B14:$R14,$B$3:$R$3,T$3)<S14,S14,TREND($B14:$R14,$B$3:$R$3,T$3)),$R$1),"") -> 0.88001496 | U14: =IFERROR(MIN(IF(TREND($B14:$R14,$B$3:$R$3,U$3)<T14,T14,TREND($B14:$R14,$B$3:$R$3,U$3)),$R$1),"") -> 0.88119149 | V14: =IFERROR(MIN(IF(TREND($B14:$R14,$B$3:$R$3,V$3)<U14,U14,TREND($B14:$R14,$B$3:$R$3,V$3)),$R$1),"") -> 0.88333886 | W14: =IFERROR(MIN(IF(TREND($B14:$R14,$B$3:$R$3,W$3)<V14,V14,TREND($B14:$R14,$B$3:$R$3,W$3)),$R$1),"") -> 0.88548624 | X14: =IFERROR(MIN(IF(TREND($B14:$R14,$B$3:$R$3,X$3)<W14,W14,TREND($B14:$R14,$B$3:$R$3,X$3)),$R$1),"") -> 0.88763361 | Y14: =IFERROR(MIN(IF(TREND($B14:$R14,$B$3:$R$3,Y$3)<X14,X14,TREND($B14:$R14,$B$3:$R$3,Y$3)),$R$1),"") -> 0.88978099 | Z14: =IFERROR(MIN(IF(TREND($B14:$R14,$B$3:$R$3,Z$3)<Y14,Y14,TREND($B14:$R14,$B$3:$R$3,Z$3)),$R$1),"") -> 0.89192836
A15: MXC | B15: 0.86661732 | C15: 0.86721076 | D15: 0.85178174 | E15: 0.84791399 | F15: 0.84602486 | G15: 0.84537162 | H15: 0.83962493 | I15: 0.84051582 | J15: 0.84334367 | K15: 0.85463361 | L15: 0.86333356 | M15: 0.85869514 | N15: 0.86030129 | O15: 0.86647421 | P15: 0.88082065 | Q15: 0.88241569 | R15: 0.87578208 | S15: =IFERROR(MIN(IF(TREND($B15:$R15,$B$3:$R$3,S$3)<R15,R15,TREND($B15:$R15,$B$3:$R$3,S$3)),$R$1),"") -> 0.87578208 | T15: =IFERROR(MIN(IF(TREND($B15:$R15,$B$3:$R$3,T$3)<S15,S15,TREND($B15:$R15,$B$3:$R$3,T$3)),$R$1),"") -> 0.87578208 | U15: =IFERROR(MIN(IF(TREND($B15:$R15,$B$3:$R$3,U$3)<T15,T15,TREND($B15:$R15,$B$3:$R$3,U$3)),$R$1),"") -> 0.88202705 | V15: =IFERROR(MIN(IF(TREND($B15:$R15,$B$3:$R$3,V$3)<U15,U15,TREND($B15:$R15,$B$3:$R$3,V$3)),$R$1),"") -> 0.88944615 | W15: =IFERROR(MIN(IF(TREND($B15:$R15,$B$3:$R$3,W$3)<V15,V15,TREND($B15:$R15,$B$3:$R$3,W$3)),$R$1),"") -> 0.89686525 | X15: =IFERROR(MIN(IF(TREND($B15:$R15,$B$3:$R$3,X$3)<W15,W15,TREND($B15:$R15,$B$3:$R$3,X$3)),$R$1),"") -> 0.90428435 | Y15: =IFERROR(MIN(IF(TREND($B15:$R15,$B$3:$R$3,Y$3)<X15,X15,TREND($B15:$R15,$B$3:$R$3,Y$3)),$R$1),"") -> 0.91170345 | Z15: =IFERROR(MIN(IF(TREND($B15:$R15,$B$3:$R$3,Z$3)<Y15,Y15,TREND($B15:$R15,$B$3:$R$3,Z$3)),$R$1),"") -> 0.91912255
... A20: USA | B20: 0.93900536 | C20: 0.94089343 | D20: 0.93379569 | E20: 0.84666847 | F20: 0.84888383 | G20: 0.85130075 | H20: 0.85569009 | I20: 0.85939856 | J20: 0.85948543 | K20: 0.86409351 | L20: 0.8585436 | M20: 0.86573127 | N20: 0.86853449 | O20: 0.86828857 | P20: 0.86855929 | Q20: 0.86977847 | R20: 0.87048327 | S20: =IFERROR(MIN(IF(TREND($B20:$R20,$B$3:$R$3,S$3)<R20,R20,TREND($B20:$R20,$B$3:$R$3,S$3)),$R$1),"") -> 0.87048327 | T20: =IFERROR(MIN(IF(TREND($B20:$R20,$B$3:$R$3,T$3)<S20,S20,TREND($B20:$R20,$B$3:$R$3,T$3)),$R$1),"") -> 0.87048327 | U20: =IFERROR(MIN(IF(TREND($B20:$R20,$B$3:$R$3,U$3)<T20,T20,TREND($B20:$R20,$B$3:$R$3,U$3)),$R$1),"") -> 0.87048327 | V20: =IFERROR(MIN(IF(TREND($B20:$R20,$B$3:$R$3,V$3)<U20,U20,TREND($B20:$R20,$B$3:$R$3,V$3)),$R$1),"") -> 0.87048327 | W20: =IFERROR(MIN(IF(TREND($B20:$R20,$B$3:$R$3,W$3)<V20,V20,TREND($B20:$R20,$B$3:$R$3,W$3)),$R$1),"") -> 0.87048327 | X20: =IFERROR(MIN(IF(TREND($B20:$R20,$B$3:$R$3,X$3)<W20,W20,TREND($B20:$R20,$B$3:$R$3,X$3)),$R$1),"") -> 0.87048327 | Y20: =IFERROR(MIN(IF(TREND($B20:$R20,$B$3:$R$3,Y$3)<X20,X20,TREND($B20:$R20,$B$3:$R$3,Y$3)),$R$1),"") -> 0.87048327 | Z20: =IFERROR(MIN(IF(TREND($B20:$R20,$B$3:$R$3,Z$3)<Y20,Y20,TREND($B20:$R20,$B$3:$R$3,Z$3)),$R$1),"") -> 0.87048327
S21: =IFERROR(MIN(IF(TREND($B21:$R21,$B$3:$R$3,S$3)<R21,R21,TREND($B21:$R21,$B$3:$R$3,S$3)),$R$1),"") | T21: =IFERROR(MIN(IF(TREND($B21:$R21,$B$3:$R$3,T$3)<S21,S21,TREND($B21:$R21,$B$3:$R$3,T$3)),$R$1),"") | U21: =IFERROR(MIN(IF(TREND($B21:$R21,$B$3:$R$3,U$3)<T21,T21,TREND($B21:$R21,$B$3:$R$3,U$3)),$R$1),"") | V21: =IFERROR(MIN(IF(TREND($B21:$R21,$B$3:$R$3,V$3)<U21,U21,TREND($B21:$R21,$B$3:$R$3,V$3)),$R$1),"") | W21: =IFERROR(MIN(IF(TREND($B21:$R21,$B$3:$R$3,W$3)<V21,V21,TREND($B21:$R21,$B$3:$R$3,W$3)),$R$1),"") | X21: =IFERROR(MIN(IF(TREND($B21:$R21,$B$3:$R$3,X$3)<W21,W21,TREND($B21:$R21,$B$3:$R$3,X$3)),$R$1),"") | Y21: =IFERROR(MIN(IF(TREND($B21:$R21,$B$3:$R$3,Y$3)<X21,X21,TREND($B21:$R21,$B$3:$R$3,Y$3)),$R$1),"") | Z21: =IFERROR(MIN(IF(TREND($B21:$R21,$B$3:$R$3,Z$3)<Y21,Y21,TREND($B21:$R21,$B$3:$R$3,Z$3)),$R$1),"")
S22: =IFERROR(MIN(IF(TREND($B22:$R22,$B$3:$R$3,S$3)<R22,R22,TREND($B22:$R22,$B$3:$R$3,S$3)),$R$1),"") | T22: =IFERROR(MIN(IF(TREND($B22:$R22,$B$3:$R$3,T$3)<S22,S22,TREND($B22:$R22,$B$3:$R$3,T$3)),$R$1),"") | U22: =IFERROR(MIN(IF(TREND($B22:$R22,$B$3:$R$3,U$3)<T22,T22,TREND($B22:$R22,$B$3:$R$3,U$3)),$R$1),"") | V22: =IFERROR(MIN(IF(TREND($B22:$R22,$B$3:$R$3,V$3)<U22,U22,TREND($B22:$R22,$B$3:$R$3,V$3)),$R$1),"") | W22: =IFERROR(MIN(IF(TREND($B22:$R22,$B$3:$R$3,W$3)<V22,V22,TREND($B22:$R22,$B$3:$R$3,W$3)),$R$1),"") | X22: =IFERROR(MIN(IF(TREND($B22:$R22,$B$3:$R$3,X$3)<W22,W22,TREND($B22:$R22,$B$3:$R$3,X$3)),$R$1),"") | Y22: =IFERROR(MIN(IF(TREND($B22:$R22,$B$3:$R$3,Y$3)<X22,X22,TREND($B22:$R22,$B$3:$R$3,Y$3)),$R$1),"") | Z22: =IFERROR(MIN(IF(TREND($B22:$R22,$B$3:$R$3,Z$3)<Y22,Y22,TREND($B22:$R22,$B$3:$R$3,Z$3)),$R$1),"")
S23: =IFERROR(MIN(IF(TREND($B23:$R23,$B$3:$R$3,S$3)<R23,R23,TREND($B23:$R23,$B$3:$R$3,S$3)),$R$1),"") | T23: =IFERROR(MIN(IF(TREND($B23:$R23,$B$3:$R$3,T$3)<S23,S23,TREND($B23:$R23,$B$3:$R$3,T$3)),$R$1),"") | U23: =IFERROR(MIN(IF(TREND($B23:$R23,$B$3:$R$3,U$3)<T23,T23,TREND($B23:$R23,$B$3:$R$3,U$3)),$R$1),"") | V23: =IFERROR(MIN(IF(TREND($B23:$R23,$B$3:$R$3,V$3)<U23,U23,TREND($B23:$R23,$B$3:$R$3,V$3)),$R$1),"") | W23: =IFERROR(MIN(IF(TREND($B23:$R23,$B$3:$R$3,W$3)<V23,V23,TREND($B23:$R23,$B$3:$R$3,W$3)),$R$1),"") | X23: =IFERROR(MIN(IF(TREND($B23:$R23,$B$3:$R$3,X$3)<W23,W23,TREND($B23:$R23,$B$3:$R$3,X$3)),$R$1),"") | Y23: =IFERROR(MIN(IF(TREND($B23:$R23,$B$3:$R$3,Y$3)<X23,X23,TREND($B23:$R23,$B$3:$R$3,Y$3)),$R$1),"") | Z23: =IFERROR(MIN(IF(TREND($B23:$R23,$B$3:$R$3,Z$3)<Y23,Y23,TREND($B23:$R23,$B$3:$R$3,Z$3)),$R$1),"")
S24: =IFERROR(MIN(IF(TREND($B24:$R24,$B$3:$R$3,S$3)<R24,R24,TREND($B24:$R24,$B$3:$R$3,S$3)),$R$1),"") | T24: =IFERROR(MIN(IF(TREND($B24:$R24,$B$3:$R$3,T$3)<S24,S24,TREND($B24:$R24,$B$3:$R$3,T$3)),$R$1),"") | U24: =IFERROR(MIN(IF(TREND($B24:$R24,$B$3:$R$3,U$3)<T24,T24,TREND($B24:$R24,$B$3:$R$3,U$3)),$R$1),"") | V24: =IFERROR(MIN(IF(TREND($B24:$R24,$B$3:$R$3,V$3)<U24,U24,TREND($B24:$R24,$B$3:$R$3,V$3)),$R$1),"") | W24: =IFERROR(MIN(IF(TREND($B24:$R24,$B$3:$R$3,W$3)<V24,V24,TREND($B24:$R24,$B$3:$R$3,W$3)),$R$1),"") | X24: =IFERROR(MIN(IF(TREND($B24:$R24,$B$3:$R$3,X$3)<W24,W24,TREND($B24:$R24,$B$3:$R$3,X$3)),$R$1),"") | Y24: =IFERROR(MIN(IF(TREND($B24:$R24,$B$3:$R$3,Y$3)<X24,X24,TREND($B24:$R24,$B$3:$R$3,Y$3)),$R$1),"") | Z24: =IFERROR(MIN(IF(TREND($B24:$R24,$B$3:$R$3,Z$3)<Y24,Y24,TREND($B24:$R24,$B$3:$R$3,Z$3)),$R$1),"")
S25: =IFERROR(MIN(IF(TREND($B25:$R25,$B$3:$R$3,S$3)<R25,R25,TREND($B25:$R25,$B$3:$R$3,S$3)),$R$1),"") | T25: =IFERROR(MIN(IF(TREND($B25:$R25,$B$3:$R$3,T$3)<S25,S25,TREND($B25:$R25,$B$3:$R$3,T$3)),$R$1),"") | U25: =IFERROR(MIN(IF(TREND($B25:$R25,$B$3:$R$3,U$3)<T25,T25,TREND($B25:$R25,$B$3:$R$3,U$3)),$R$1),"") | V25: =IFERROR(MIN(IF(TREND($B25:$R25,$B$3:$R$3,V$3)<U25,U25,TREND($B25:$R25,$B$3:$R$3,V$3)),$R$1),"") | W25: =IFERROR(MIN(IF(TREND($B25:$R25,$B$3:$R$3,W$3)<V25,V25,TREND($B25:$R25,$B$3:$R$3,W$3)),$R$1),"") | X25: =IFERROR(MIN(IF(TREND($B25:$R25,$B$3:$R$3,X$3)<W25,W25,TREND($B25:$R25,$B$3:$R$3,X$3)),$R$1),"") | Y25: =IFERROR(MIN(IF(TREND($B25:$R25,$B$3:$R$3,Y$3)<X25,X25,TREND($B25:$R25,$B$3:$R$3,Y$3)),$R$1),"") | Z25: =IFERROR(MIN(IF(TREND($B25:$R25,$B$3:$R$3,Z$3)<Y25,Y25,TREND($B25:$R25,$B$3:$R$3,Z$3)),$R$1),"")
S26: =IFERROR(MIN(IF(TREND($B26:$R26,$B$3:$R$3,S$3)<R26,R26,TREND($B26:$R26,$B$3:$R$3,S$3)),$R$1),"") | T26: =IFERROR(MIN(IF(TREND($B26:$R26,$B$3:$R$3,T$3)<S26,S26,TREND($B26:$R26,$B$3:$R$3,T$3)),$R$1),"") | U26: =IFERROR(MIN(IF(TREND($B26:$R26,$B$3:$R$3,U$3)<T26,T26,TREND($B26:$R26,$B$3:$R$3,U$3)),$R$1),"") | V26: =IFERROR(MIN(IF(TREND($B26:$R26,$B$3:$R$3,V$3)<U26,U26,TREND($B26:$R26,$B$3:$R$3,V$3)),$R$1),"") | W26: =IFERROR(MIN(IF(TREND($B26:$R26,$B$3:$R$3,W$3)<V26,V26,TREND($B26:$R26,$B$3:$R$3,W$3)),$R$1),"") | X26: =IFERROR(MIN(IF(TREND($B26:$R26,$B$3:$R$3,X$3)<W26,W26,TREND($B26:$R26,$B$3:$R$3,X$3)),$R$1),"") | Y26: =IFERROR(MIN(IF(TREND($B26:$R26,$B$3:$R$3,Y$3)<X26,X26,TREND($B26:$R26,$B$3:$R$3,Y$3)),$R$1),"") | Z26: =IFERROR(MIN(IF(TREND($B26:$R26,$B$3:$R$3,Z$3)<Y26,Y26,TREND($B26:$R26,$B$3:$R$3,Z$3)),$R$1),"")
S27: =IFERROR(MIN(IF(TREND($B27:$R27,$B$3:$R$3,S$3)<R27,R27,TREND($B27:$R27,$B$3:$R$3,S$3)),$R$1),"") | T27: =IFERROR(MIN(IF(TREND($B27:$R27,$B$3:$R$3,T$3)<S27,S27,TREND($B27:$R27,$B$3:$R$3,T$3)),$R$1),"") | U27: =IFERROR(MIN(IF(TREND($B27:$R27,$B$3:$R$3,U$3)<T27,T27,TREND($B27:$R27,$B$3:$R$3,U$3)),$R$1),"") | V27: =IFERROR(MIN(IF(TREND($B27:$R27,$B$3:$R$3,V$3)<U27,U27,TREND($B27:$R27,$B$3:$R$3,V$3)),$R$1),"") | W27: =IFERROR(MIN(IF(TREND($B27:$R27,$B$3:$R$3,W$3)<V27,V27,TREND($B27:$R27,$B$3:$R$3,W$3)),$R$1),"") | X27: =IFERROR(MIN(IF(TREND($B27:$R27,$B$3:$R$3,X$3)<W27,W27,TREND($B27:$R27,$B$3:$R$3,X$3)),$R$1),"") | Y27: =IFERROR(MIN(IF(TREND($B27:$R27,$B$3:$R$3,Y$3)<X27,X27,TREND($B27:$R27,$B$3:$R$3,Y$3)),$R$1),"") | Z27: =IFERROR(MIN(IF(TREND($B27:$R27,$B$3:$R$3,Z$3)<Y27,Y27,TREND($B27:$R27,$B$3:$R$3,Z$3)),$R$1),"")
S28: =IFERROR(MIN(IF(TREND($B28:$R28,$B$3:$R$3,S$3)<R28,R28,TREND($B28:$R28,$B$3:$R$3,S$3)),$R$1),"") | T28: =IFERROR(MIN(IF(TREND($B28:$R28,$B$3:$R$3,T$3)<S28,S28,TREND($B28:$R28,$B$3:$R$3,T$3)),$R$1),"") | U28: =IFERROR(MIN(IF(TREND($B28:$R28,$B$3:$R$3,U$3)<T28,T28,TREND($B28:$R28,$B$3:$R$3,U$3)),$R$1),"") | V28: =IFERROR(MIN(IF(TREND($B28:$R28,$B$3:$R$3,V$3)<U28,U28,TREND($B28:$R28,$B$3:$R$3,V$3)),$R$1),"") | W28: =IFERROR(MIN(IF(TREND($B28:$R28,$B$3:$R$3,W$3)<V28,V28,TREND($B28:$R28,$B$3:$R$3,W$3)),$R$1),"") | X28: =IFERROR(MIN(IF(TREND($B28:$R28,$B$3:$R$3,X$3)<W28,W28,TREND($B28:$R28,$B$3:$R$3,X$3)),$R$1),"") | Y28: =IFERROR(MIN(IF(TREND($B28:$R28,$B$3:$R$3,Y$3)<X28,X28,TREND($B28:$R28,$B$3:$R$3,Y$3)),$R$1),"") | Z28: =IFERROR(MIN(IF(TREND($B28:$R28,$B$3:$R$3,Z$3)<Y28,Y28,TREND($B28:$R28,$B$3:$R$3,Z$3)),$R$1),"")
S29: =IFERROR(MIN(IF(TREND($B29:$R29,$B$3:$R$3,S$3)<R29,R29,TREND($B29:$R29,$B$3:$R$3,S$3)),$R$1),"") | T29: =IFERROR(MIN(IF(TREND($B29:$R29,$B$3:$R$3,T$3)<S29,S29,TREND($B29:$R29,$B$3:$R$3,T$3)),$R$1),"") | U29: =IFERROR(MIN(IF(TREND($B29:$R29,$B$3:$R$3,U$3)<T29,T29,TREND($B29:$R29,$B$3:$R$3,U$3)),$R$1),"") | V29: =IFERROR(MIN(IF(TREND($B29:$R29,$B$3:$R$3,V$3)<U29,U29,TREND($B29:$R29,$B$3:$R$3,V$3)),$R$1),"") | W29: =IFERROR(MIN(IF(TREND($B29:$R29,$B$3:$R$3,W$3)<V29,V29,TREND($B29:$R29,$B$3:$R$3,W$3)),$R$1),"") | X29: =IFERROR(MIN(IF(TREND($B29:$R29,$B$3:$R$3,X$3)<W29,W29,TREND($B29:$R29,$B$3:$R$3,X$3)),$R$1),"") | Y29: =IFERROR(MIN(IF(TREND($B29:$R29,$B$3:$R$3,Y$3)<X29,X29,TREND($B29:$R29,$B$3:$R$3,Y$3)),$R$1),"") | Z29: =IFERROR(MIN(IF(TREND($B29:$R29,$B$3:$R$3,Z$3)<Y29,Y29,TREND($B29:$R29,$B$3:$R$3,Z$3)),$R$1),"")
S30: =IFERROR(MIN(IF(TREND($B30:$R30,$B$3:$R$3,S$3)<R30,R30,TREND($B30:$R30,$B$3:$R$3,S$3)),$R$1),"") | T30: =IFERROR(MIN(IF(TREND($B30:$R30,$B$3:$R$3,T$3)<S30,S30,TREND($B30:$R30,$B$3:$R$3,T$3)),$R$1),"") | U30: =IFERROR(MIN(IF(TREND($B30:$R30,$B$3:$R$3,U$3)<T30,T30,TREND($B30:$R30,$B$3:$R$3,U$3)),$R$1),"") | V30: =IFERROR(MIN(IF(TREND($B30:$R30,$B$3:$R$3,V$3)<U30,U30,TREND($B30:$R30,$B$3:$R$3,V$3)),$R$1),"") | W30: =IFERROR(MIN(IF(TREND($B30:$R30,$B$3:$R$3,W$3)<V30,V30,TREND($B30:$R30,$B$3:$R$3,W$3)),$R$1),"") | X30: =IFERROR(MIN(IF(TREND($B30:$R30,$B$3:$R$3,X$3)<W30,W30,TREND($B30:$R30,$B$3:$R$3,X$3)),$R$1),"") | Y30: =IFERROR(MIN(IF(TREND($B30:$R30,$B$3:$R$3,Y$3)<X30,X30,TREND($B30:$R30,$B$3:$R$3,Y$3)),$R$1),"") | Z30: =IFERROR(MIN(IF(TREND($B30:$R30,$B$3:$R$3,Z$3)<Y30,Y30,TREND($B30:$R30,$B$3:$R$3,Z$3)),$R$1),"")
S31: =IFERROR(MIN(IF(TREND($B31:$R31,$B$3:$R$3,S$3)<R31,R31,TREND($B31:$R31,$B$3:$R$3,S$3)),$R$1),"") | T31: =IFERROR(MIN(IF(TREND($B31:$R31,$B$3:$R$3,T$3)<S31,S31,TREND($B31:$R31,$B$3:$R$3,T$3)),$R$1),"") | U31: =IFERROR(MIN(IF(TREND($B31:$R31,$B$3:$R$3,U$3)<T31,T31,TREND($B31:$R31,$B$3:$R$3,U$3)),$R$1),"") | V31: =IFERROR(MIN(IF(TREND($B31:$R31,$B$3:$R$3,V$3)<U31,U31,TREND($B31:$R31,$B$3:$R$3,V$3)),$R$1),"") | W31: =IFERROR(MIN(IF(TREND($B31:$R31,$B$3:$R$3,W$3)<V31,V31,TREND($B31:$R31,$B$3:$R$3,W$3)),$R$1),"") | X31: =IFERROR(MIN(IF(TREND($B31:$R31,$B$3:$R$3,X$3)<W31,W31,TREND($B31:$R31,$B$3:$R$3,X$3)),$R$1),"") | Y31: =IFERROR(MIN(IF(TREND($B31:$R31,$B$3:$R$3,Y$3)<X31,X31,TREND($B31:$R31,$B$3:$R$3,Y$3)),$R$1),"") | Z31: =IFERROR(MIN(IF(TREND($B31:$R31,$B$3:$R$3,Z$3)<Y31,Y31,TREND($B31:$R31,$B$3:$R$3,Z$3)),$R$1),"")
S32: =IFERROR(MIN(IF(TREND($B32:$R32,$B$3:$R$3,S$3)<R32,R32,TREND($B32:$R32,$B$3:$R$3,S$3)),$R$1),"") | T32: =IFERROR(MIN(IF(TREND($B32:$R32,$B$3:$R$3,T$3)<S32,S32,TREND($B32:$R32,$B$3:$R$3,T$3)),$R$1),"") | U32: =IFERROR(MIN(IF(TREND($B32:$R32,$B$3:$R$3,U$3)<T32,T32,TREND($B32:$R32,$B$3:$R$3,U$3)),$R$1),"") | V32: =IFERROR(MIN(IF(TREND($B32:$R32,$B$3:$R$3,V$3)<U32,U32,TREND($B32:$R32,$B$3:$R$3,V$3)),$R$1),"") | W32: =IFERROR(MIN(IF(TREND($B32:$R32,$B$3:$R$3,W$3)<V32,V32,TREND($B32:$R32,$B$3:$R$3,W$3)),$R$1),"") | X32: =IFERROR(MIN(IF(TREND($B32:$R32,$B$3:$R$3,X$3)<W32,W32,TREND($B32:$R32,$B$3:$R$3,X$3)),$R$1),"") | Y32: =IFERROR(MIN(IF(TREND($B32:$R32,$B$3:$R$3,Y$3)<X32,X32,TREND($B32:$R32,$B$3:$R$3,Y$3)),$R$1),"") | Z32: =IFERROR(MIN(IF(TREND($B32:$R32,$B$3:$R$3,Z$3)<Y32,Y32,TREND($B32:$R32,$B$3:$R$3,Z$3)),$R$1),"")
... S260: =IFERROR(MIN(IF(TREND($B260:$R260,$B$3:$R$3,S$3)<R260,R260,TREND($B260:$R260,$B$3:$R$3,S$3)),$R$1),"") | T260: =IFERROR(MIN(IF(TREND($B260:$R260,$B$3:$R$3,T$3)<S260,S260,TREND($B260:$R260,$B$3:$R$3,T$3)),$R$1),"") | U260: =IFERROR(MIN(IF(TREND($B260:$R260,$B$3:$R$3,U$3)<T260,T260,TREND($B260:$R260,$B$3:$R$3,U$3)),$R$1),"") | V260: =IFERROR(MIN(IF(TREND($B260:$R260,$B$3:$R$3,V$3)<U260,U260,TREND($B260:$R260,$B$3:$R$3,V$3)),$R$1),"") | W260: =IFERROR(MIN(IF(TREND($B260:$R260,$B$3:$R$3,W$3)<V260,V260,TREND($B260:$R260,$B$3:$R$3,W$3)),$R$1),"") | X260: =IFERROR(MIN(IF(TREND($B260:$R260,$B$3:$R$3,X$3)<W260,W260,TREND($B260:$R260,$B$3:$R$3,X$3)),$R$1),"") | Y260: =IFERROR(MIN(IF(TREND($B260:$R260,$B$3:$R$3,Y$3)<X260,X260,TREND($B260:$R260,$B$3:$R$3,Y$3)),$R$1),"") | Z260: =IFERROR(MIN(IF(TREND($B260:$R260,$B$3:$R$3,Z$3)<Y260,Y260,TREND($B260:$R260,$B$3:$R$3,Z$3)),$R$1),"")

Sheet IEMM_heat
B1: adhoc_heat_trneff
B4: ~TFM_INS-TS
B5: attribute | C5: CSET_CN | D5: region | E5: 2020
B6: COM_IE | C6: HET | E6: 0.95657691
B7: COM_IE | C7: HET | D7: CAN | E7: 0.97960883
B8: COM_IE | C8: HET | D8: CHI | E8: 0.51537101
B9: COM_IE | C9: HET | D9: EUR | E9: 1.7994319
B10: COM_IE | C10: HET | D10: OAS | E10: 2.4603891
B11: COM_IE | C11: HET | D11: RUS | E11: 1.1026072
B12: COM_IE | C12: HET | D12: SKO | E12: 1.9107119
B13: COM_IE | C13: HET | D13: URA | E13: 0.92296017

Sheet restart_historical_values_heat
A3: Region | B3: 2002 | C3: 2003 | D3: 2004 | E3: 2005 | F3: 2006 | G3: 2007 | H3: 2008 | I3: 2009 | J3: 2010 | K3: 2011 | L3: 2012 | M3: 2013 | N3: 2014 | O3: 2015 | P3: 2016 | Q3: 2017 | R3: 2018
A4: CAN | B4: 0.078356239 | C4: 0.070430158 | D4: 0.069649149 | E4: 0.1344774 | F4: 0.13209492 | G4: 0.15013136 | H4: 0.17250806 | I4: 0.14603801 | J4: 0.13808619 | K4: 0.1336407 | L4: 0.094778011 | M4: 0.086924771 | N4: 0.10280802 | O4: 0.14861553 | P4: 0.19152958 | Q4: 0.18721208 | R4: 0.18450861
A5: CHI | E5: 0.20693007 | F5: 0.40190256 | G5: 0.37388702 | H5: 0.41435834 | I5: 0.41246424 | J5: 0.35929372 | K5: 0.32540219 | L5: 0.27827871 | M5: 0.24857387 | N5: 0.24011001 | O5: 0.22820975 | P5: 0.21737529 | Q5: 0.11225641 | R5: 0.099932669
A6: EUR | B6: 0.38151114 | C6: 0.29475766 | D6: 0.22673029 | E6: 0.22647334 | F6: 0.22832041 | G6: 0.23127941 | H6: 0.24344333 | I6: 0.25587532 | J6: 0.24015888 | K6: 0.20662555 | L6: 0.21255069 | M6: 0.19041287 | N6: 0.19725807 | O6: 0.19122446 | P6: 0.19529503 | Q6: 0.19112206 | R6: 0.19475557
A7: OAS | B7: 2.4441011 | C7: 2.4794664 | D7: 2.1367668 | E7: 0.91135339 | F7: 0.85231699 | G7: 0.71685293 | H7: 0.75211909 | I7: 0.69680098 | J7: 0.66107785 | K7: 0.70658704 | L7: 0.65519314 | M7: 0.64938561 | N7: 0.65631663 | O7: 0.63990254 | P7: 0.62645079 | Q7: 0.64854419 | R7: 0.4784613
A8: RUS | B8: 0.20411212 | C8: 0.20786986 | D8: 0.20939246 | E8: 0.24003834 | F8: 0.22903568 | G8: 0.24382006 | H8: 0.23853095 | I8: 0.27184145 | J8: 0.23797837 | K8: 0.2204176 | L8: 0.21589534 | M8: 0.22252249 | N8: 0.21980423 | O8: 0.23003859 | P8: 0.22589099 | Q8: 0.22459791 | R8: 0.21437522
A9: SKO | B9: 0.69939337 | C9: 0.65232575 | D9: 0.49725034 | E9: 0.49344232 | F9: 0.5052387 | G9: 0.45561613 | H9: 0.44862032 | I9: 0.49506895 | J9: 0.50339793 | K9: 0.4671795 | L9: 0.44342436 | M9: 0.51315322 | N9: 0.48441789 | O9: 0.45940081 | P9: 0.42018509 | Q9: 0.39457567 | R9: 0.36667415
A10: URA | B10: 0.21131371 | C10: 0.20970031 | D10: 0.20643396 | E10: 0.18185152 | F10: 0.18440479 | G10: 0.16983396 | H10: 0.16999013 | I10: 0.18017849 | J10: 0.17035285 | K10: 0.17265659 | L10: 0.16285479 | M10: 0.17559401 | N10: 0.1745153 | O10: 0.17451778 | P10: 0.18731588 | Q10: 0.18391964 | R10: 0.18006086
A11: USA | B11: 0 | C11: 0 | D11: 0 | E11: 0 | F11: 0 | G11: 0 | H11: 0 | I11: 0 | J11: 0 | K11: 0 | L11: 0 | M11: 0 | N11: 0 | O11: 0 | P11: 0 | Q11: 0 | R11: 0
