Workbook

Sheet readme
A1: This UC imposes NZE by 2080 for every region of the model

Sheet CO2 Emissions from Veda 
A1: Scenario | B1: Period | C1: AFR_N | D1: AFR_S | E1: ANZ | F1: BRZ | G1: CAN | H1: CHI | I1: CSA | J1: EUR | K1: IND | L1: JPN | M1: MID | N1: MXC | O1: OAS | P1: RUS | Q1: SKO | R1: URA | S1: USA
A2: v59_11-5~0001 | B2: 2017 | C2: 186743.02 | D2: 370444.63 | E2: 193467.48 | F2: 67222.347 | G2: 93845.819 | H2: 4427540.6 | I2: 138508.87 | J2: 1022312.1 | K2: 1214886.4 | L2: 534140.61 | M2: 550507.48 | N2: 194804.93 | O2: 861906.93 | P2: 388163.08 | Q2: 283327.29 | R2: 302597.24 | S2: 2058309.3
A3: v59_11-5~0001 | B3: 2018 | C3: 191376.56 | D3: 381128.34 | E3: 188483.14 | F3: 64100.079 | G3: 87148.948 | H3: 4764659.2 | I3: 138121.21 | J3: 991044.14 | K3: 1246762.7 | L3: 499748.27 | M3: 543687.7 | N3: 200806.83 | O3: 944254.73 | P3: 454839.11 | Q3: 288713.69 | R3: 333051.44 | S3: 2100094
A4: v59_11-5~0001 | B4: 2019 | C4: 204368.01 | D4: 390725.92 | E4: 191100.2 | F4: 51509.554 | G4: 75437.236 | H4: 4846455.2 | I4: 140603.37 | J4: 1000369.1 | K4: 1264590.3 | L4: 499606.56 | M4: 541996.24 | N4: 194570.01 | O4: 998823.4 | P4: 493598.11 | Q4: 247887.22 | R4: 290553.93 | S4: 2063333.9
A5: v59_11-5~0001 | B5: 2020 | C5: 182496.21 | D5: 356271.87 | E5: 190574.84 | F5: 39339.726 | G5: 58320.346 | H5: 4820844.3 | I5: 135113.1 | J5: 827248.19 | K5: 1130906.5 | L5: 446338.36 | M5: 575912.86 | N5: 142421.35 | O5: 911125.26 | P5: 471730.63 | Q5: 235082.71 | R5: 252460.25 | S5: 1992924.3
A6: v59_11-5~0001 | B6: 2021 | C6: 179489.26 | D6: 282744.05 | E6: 135303.96 | F6: 51897.102 | G6: 69109.772 | H6: 3651614 | I6: 139009.93 | J6: 763682.61 | K6: 890809.93 | L6: 401999.5 | M6: 602943.38 | N6: 162427.26 | O6: 776132.39 | P6: 491108.29 | Q6: 209943.21 | R6: 270161.51 | S6: 1744430.9
A7: v59_11-5~0001 | B7: 2030 | C7: 138097.5 | D7: 136913.24 | E7: 46199.054 | F7: 26541.403 | G7: 27107.303 | H7: 3291975.1 | I7: 75161.143 | J7: 607732.08 | K7: 368035.45 | L7: 207946.4 | M7: 458689.6 | N7: 112225.46 | O7: 493905.88 | P7: 526449.69 | Q7: 110092.81 | R7: 248927.71 | S7: 1012985.4
A8: v59_11-5~0001 | B8: 2040 | C8: 112742.06 | D8: 26583.262 | E8: 16958.282 | F8: 15004.457 | G8: 18440.592 | H8: 2281799.2 | I8: 49074.247 | J8: 456330.89 | K8: 157506.45 | L8: 146788.82 | M8: 342190.24 | N8: 75959.789 | O8: 310494.13 | P8: 643056 | Q8: 87227.33 | R8: 231945.19 | S8: 749222.6
A9: v59_11-5~0001 | B9: 2050 | C9: 93919.334 | D9: 14341.294 | E9: 11069.809 | F9: 6137.4456 | G9: 12420.934 | H9: 1990230.1 | I9: 35579.455 | J9: 244320.22 | K9: 64554.756 | L9: 201160.28 | M9: 267449.35 | N9: 69084.485 | O9: 193868.79 | P9: 643022.8 | Q9: 112405.58 | R9: 246642.94 | S9: 755192.79
A10: v59_11-5~0001 | B10: 2060 | C10: 79498.564 | D10: 10901.476 | E10: 8614.2754 | F10: 3008.97 | G10: 11135.318 | H10: 2454508.3 | I10: 26505.135 | J10: 455079.26 | K10: 21564.855 | L10: 380517.89 | M10: 270003.74 | N10: 82379.28 | O10: 146143.12 | P10: 641934.63 | Q10: 212836.77 | R10: 266456.64 | S10: 743373.55
A11: v59_11-5~0001 | B11: 2070 | C11: 95087.142 | D11: 8387.3824 | E11: 39116.095 | F11: 1248.4747 | G11: 26256.085 | H11: 3178586.4 | I11: 61705.665 | J11: 940491.4 | K11: 18740.517 | L11: 443922.99 | M11: 259679.85 | N11: 115734.06 | O11: 125857.99 | P11: 722477.01 | Q11: 285266.33 | R11: 326830.77 | S11: 738987.04
A12: v59_11-5~0001 | B12: 2080 | C12: 109350.02 | D12: 19960.021 | E12: 123847.04 | F12: 441.02132 | G12: 157860.99 | H12: 4247379.4 | I12: 120197.27 | J12: 1746990.7 | K12: 18750.07 | L12: 381855.45 | M12: 247698.85 | N12: 160490.61 | O12: 168255.19 | P12: 785127.4 | Q12: 208611.65 | R12: 341865.49 | S12: 896351.03
A18: Run | B18: v59_12-1
A19: Unit | B19: Mt
A20: Commodity | B20: Region | C20: 2020 | D20: 2030 | E20: 2040 | F20: 2050 | G20: 2060 | H20: 2070 | I20: 2080
A21: ELCCO2N | B21: AFR_N | C21: 182.06947 | D21: 113.89644 | E21: 101.31016 | F21: 91.914231 | G21: 66.915278 | H21: 33.457639 | I21: 9.1034737
A22: ELCCO2N | B22: AFR_S | C22: 290.98056 | D22: 199.28456 | E22: 225.69419 | F22: 178.13594 | G22: 118.75729 | H22: 59.378645 | I22: 14.549028
A23: ELCCO2N | B23: ANZ | C23: 178.84057 | D23: 115.16291 | E23: 127.04989 | F23: 95.287418 | G23: 63.524945 | H23: 31.762473 | I23: 8.9420287
A24: ELCCO2N | B24: BRZ | C24: 23.276356 | D24: 2.0170763 | E24: 0.62765979 | I24: 1.1638178
A25: ELCCO2N | B25: CAN | C25: 53.912212 | D25: 1.4567557 | E25: 0.18675498 | F25: 11.616099 | G25: 19.440115 | H25: 9.7200577 | I25: 2.6956106
A26: ELCCO2N | B26: CHI | C26: 2993.6921 | D26: 906.25812 | E26: 1142.8401 | F26: 1334.0221 | G26: 1606.9481 | H26: 803.47405 | I26: 149.68461
A27: ELCCO2N | B27: CSA | C27: 85.718957 | D27: 11.315032 | E27: 12.898041 | F27: 13.995845 | G27: 30.766887 | H27: 22.51885 | I27: 4.2859479
A28: ELCCO2N | B28: EUR | C28: 545.77751 | D28: 68.166241 | E28: 178.95311 | F28: 230.11161 | G28: 275.7494 | H28: 137.8747 | I28: 27.288876
A29: ELCCO2N | B29: IND | C29: 1130.9065 | D29: 577.80389 | E29: 664.30253 | F29: 565.45326 | G29: 376.96884 | H29: 188.48442 | I29: 56.545326
A30: ELCCO2N | B30: JPN | C30: 446.33836 | D30: 249.50887 | E30: 226.11773 | F30: 223.16918 | G30: 148.77945 | H30: 74.389727 | I30: 22.316918
A31: ELCCO2N | B31: MID | C31: 537.7276 | D31: 295.26498 | E31: 184.28568 | F31: 218.57476 | G31: 191.97095 | H31: 95.985476 | I31: 26.88638
A32: ELCCO2N | B32: MXC | C32: 129.18149 | D32: 93.74664 | E32: 83.85342 | F32: 71.210675 | G32: 47.473783 | H32: 23.736892 | I32: 6.4590745
A33: ELCCO2N | B33: OAS | C33: 911.12526 | D33: 665.48317 | E33: 607.41684 | F33: 455.56263 | G33: 303.70842 | H33: 151.85421 | I33: 45.556263
A34: ELCCO2N | B34: RUS | C34: 10.522906 | D34: 29.388665 | E34: 270.88033 | F34: 235.86532 | G34: 157.24354 | H34: 78.621772 | I34: 0.5261453
A35: ELCCO2N | B35: SKO | C35: 235.08271 | D35: 123.99137 | E35: 156.72181 | F35: 117.54136 | G35: 78.360904 | H35: 39.180452 | I35: 11.754136
A36: ELCCO2N | B36: URA | C36: 108.45144 | D36: 32.092871 | E36: 71.416479 | F36: 85.855621 | G36: 84.153415 | H36: 42.076708 | I36: 5.4225719
A37: ELCCO2N | B37: USA | C37: 1990.4653 | D37: 510.06516 | E37: 662.98326 | F37: 903.12404 | G37: 664.3081 | H37: 332.15405 | I37: 99.523267

Sheet CO2_Target_Power
L3: year | M3: 2020 | N3: =M3+10 -> 2030 | O3: =N3+10 -> 2040 | P3: =O3+10 -> 2050 | Q3: =P3+10 -> 2060 | R3: =Q3+10 -> 2070 | S3: =R3+10 -> 2080
L4: Relaxation | M4: 1.1 | N4: 0.8 | O4: 0.5 | P4: 0.35 | Q4: 0.2 | R4: 0.1 | S4: 0.05
F8: UC - Each Region/Period
G9: ~UC_Sets: R_E: Allregions
G10: ~UC_Sets: T_E:
L11: ~UC_T:UC_RHSRT
G12: UC_N | H12: Pset_Set | I12: Pset_PN | J12: Cset_CN | K12: Year | L12: LimType | M12: UC_COMNET | N12: ='CO2 Emissions from Veda '!C1 -> AFR_N | O12: ='CO2 Emissions from Veda '!D1 -> AFR_S | P12: ='CO2 Emissions from Veda '!E1 -> ANZ | Q12: ='CO2 Emissions from Veda '!F1 -> BRZ | R12: ='CO2 Emissions from Veda '!G1 -> CAN | S12: ='CO2 Emissions from Veda '!H1 -> CHI | T12: ='CO2 Emissions from Veda '!I1 -> CSA | U12: ='CO2 Emissions from Veda '!J1 -> EUR | ... AD12: ='CO2 Emissions from Veda '!S1 -> USA | AE12: 0 | AF12: UC_Desc
G13: AU_CO2_BND_ALL | J13: TOTCO2Net | K13: 2080 | L13: UP | M13: 1 | N13: 0 | O13: 0 | P13: 0 | Q13: 0 | R13: 0 | S13: 0 | T13: 0 | U13: 0 | V13: 0 | W13: 0 | X13: 0 | Y13: 0 | Z13: 0 | AA13: 0 | AB13: 0 | AC13: 0 | AD13: 0 | AE13: 5 | AF13: Net zero emissions from ELE
J27: TOTCO2Net | K27: 2030 | L27: UP | N27: ='CO2 Emissions from Veda '!C$5*$M$4 -> 200745.83 | O27: ='CO2 Emissions from Veda '!D$5*$M$4 -> 391899.06 | P27: ='CO2 Emissions from Veda '!E$5*$M$4 -> 209632.32 | Q27: ='CO2 Emissions from Veda '!F$5*$M$4 -> 43273.699 | R27: ='CO2 Emissions from Veda '!G$5*$M$4 -> 64152.381 | S27: ='CO2 Emissions from Veda '!H$5*$M$4 -> 5302928.8 | T27: ='CO2 Emissions from Veda '!I$5*$M$4 -> 148624.41 | U27: ='CO2 Emissions from Veda '!J$5*$M$4 -> 909973.01 | ... AD27: ='CO2 Emissions from Veda '!S$5*$M$4 -> 2192216.7
J28: TOTCO2Net | K28: 2040 | L28: UP | N28: ='CO2 Emissions from Veda '!C$5*$N$4 -> 145996.97 | O28: ='CO2 Emissions from Veda '!D$5*$N$4 -> 285017.5 | P28: ='CO2 Emissions from Veda '!E$5*$N$4 -> 152459.87 | Q28: ='CO2 Emissions from Veda '!F$5*$N$4 -> 31471.781 | R28: ='CO2 Emissions from Veda '!G$5*$N$4 -> 46656.277 | S28: ='CO2 Emissions from Veda '!H$5*$N$4 -> 3856675.5 | T28: ='CO2 Emissions from Veda '!I$5*$N$4 -> 108090.48 | U28: ='CO2 Emissions from Veda '!J$5*$N$4 -> 661798.55 | ... AD28: ='CO2 Emissions from Veda '!S$5*$N$4 -> 1594339.4
J29: TOTCO2Net | K29: 2050 | L29: UP | N29: ='CO2 Emissions from Veda '!C$5*$O$4 -> 91248.106 | O29: ='CO2 Emissions from Veda '!D$5*$O$4 -> 178135.94 | P29: ='CO2 Emissions from Veda '!E$5*$O$4 -> 95287.418 | Q29: ='CO2 Emissions from Veda '!F$5*$O$4 -> 19669.863 | R29: ='CO2 Emissions from Veda '!G$5*$O$4 -> 29160.173 | S29: ='CO2 Emissions from Veda '!H$5*$O$4 -> 2410422.2 | T29: ='CO2 Emissions from Veda '!I$5*$O$4 -> 67556.55 | U29: ='CO2 Emissions from Veda '!J$5*$O$4 -> 413624.1 | ... AD29: ='CO2 Emissions from Veda '!S$5*$O$4 -> 996462.15
J30: TOTCO2Net | K30: 2060 | L30: UP | N30: ='CO2 Emissions from Veda '!C$5*$P$4 -> 63873.674 | O30: ='CO2 Emissions from Veda '!D$5*$P$4 -> 124695.15 | P30: ='CO2 Emissions from Veda '!E$5*$P$4 -> 66701.192 | Q30: ='CO2 Emissions from Veda '!F$5*$P$4 -> 13768.904 | R30: ='CO2 Emissions from Veda '!G$5*$P$4 -> 20412.121 | S30: ='CO2 Emissions from Veda '!H$5*$P$4 -> 1687295.5 | T30: ='CO2 Emissions from Veda '!I$5*$P$4 -> 47289.585 | U30: ='CO2 Emissions from Veda '!J$5*$P$4 -> 289536.87 | ... AD30: ='CO2 Emissions from Veda '!S$5*$P$4 -> 697523.51
J31: TOTCO2Net | K31: 2070 | L31: UP | N31: ='CO2 Emissions from Veda '!C$5*$Q$4 -> 36499.242 | O31: ='CO2 Emissions from Veda '!D$5*$Q$4 -> 71254.374 | P31: ='CO2 Emissions from Veda '!E$5*$Q$4 -> 38114.967 | Q31: ='CO2 Emissions from Veda '!F$5*$Q$4 -> 7867.9452 | R31: ='CO2 Emissions from Veda '!G$5*$Q$4 -> 11664.069 | S31: ='CO2 Emissions from Veda '!H$5*$Q$4 -> 964168.86 | T31: ='CO2 Emissions from Veda '!I$5*$Q$4 -> 27022.62 | U31: ='CO2 Emissions from Veda '!J$5*$Q$4 -> 165449.64 | ... AD31: ='CO2 Emissions from Veda '!S$5*$Q$4 -> 398584.86
J32: TOTCO2Net | K32: 2080 | L32: UP | N32: ='CO2 Emissions from Veda '!C$5*$R$4 -> 18249.621 | O32: ='CO2 Emissions from Veda '!D$5*$R$4 -> 35627.187 | P32: ='CO2 Emissions from Veda '!E$5*$R$4 -> 19057.484 | Q32: ='CO2 Emissions from Veda '!F$5*$R$4 -> 3933.9726 | R32: ='CO2 Emissions from Veda '!G$5*$R$4 -> 5832.0346 | S32: ='CO2 Emissions from Veda '!H$5*$R$4 -> 482084.43 | T32: ='CO2 Emissions from Veda '!I$5*$R$4 -> 13511.31 | U32: ='CO2 Emissions from Veda '!J$5*$R$4 -> 82724.819 | ... AD32: ='CO2 Emissions from Veda '!S$5*$R$4 -> 199292.43
N33: 0 | O33: 0 | P33: 0 | Q33: 0 | R33: 0 | S33: 0 | T33: 0 | U33: 0 | V33: 0 | W33: 0 | X33: 0 | Y33: 0 | Z33: 0 | AA33: 0 | AB33: 0 | AC33: 0 | AD33: 0
